Linha de Fornecimento,Id,CNPJ,CPF,Nome,Ativo,Recadastrado,Município,UF,Natureza Jurídica,Porte da Empresa,Ramo do Negócio,Unidade Cadastradora,CNAE,CNAE Secundário,Habilitado a Licitar
ELEVADORES E ESCADAS ROLANTES,234,00.028.986/0007-01,,ELEVADORES ATLAS SCHINDLER LTDA.,Sim,,57053: Vitória,ES,2: SOCIEDADE EMPRESÁRIA LIMITADA,2: null,,,"4329103: INSTALAÇÃO, MANUTENÇÃO E REPARAÇÃO DE ELEVADORES, ESCADAS E ESTEIRAS ROLANTES",,Sim
ELEVADORES E ESCADAS ROLANTES,73866,05.379.701/0001-05,,EGS ELEVADORES LTDA,Sim,,56057: Alfredo Chaves,ES,2: SOCIEDADE EMPRESÁRIA LIMITADA,2: null,,,"4329103: INSTALAÇÃO, MANUTENÇÃO E REPARAÇÃO DE ELEVADORES, ESCADAS E ESTEIRAS ROLANTES",,Sim
ELEVADORES E ESCADAS ROLANTES,76642,05.530.834/0001-22,,DUNAS COMERCIAL LTDA,Sim,,56995: Serra,ES,2: SOCIEDADE EMPRESÁRIA LIMITADA,2: null,,,4789099: COMÉRCIO VAREJISTA DE OUTROS PRODUTOS NÃO ESPECIFICADOS ANTERIORMENTE,,Sim
ELEVADORES E ESCADAS ROLANTES,87047,06.136.591/0001-05,,NOVA ELEVADORES LTDA,Sim,,56995: Serra,ES,2: SOCIEDADE EMPRESÁRIA LIMITADA,2: null,,,"4329103: INSTALAÇÃO, MANUTENÇÃO E REPARAÇÃO DE ELEVADORES, ESCADAS E ESTEIRAS ROLANTES",,Sim
ELEVADORES E ESCADAS ROLANTES,167443,27.321.777/0001-04,,ELEVADORES ELETRO LIDER LTDA,Sim,,57037: Vila Velha,ES,2: SOCIEDADE EMPRESÁRIA LIMITADA,2: null,,,"3314708: MANUTENÇÃO E REPARAÇÃO DE MÁQUINAS, EQUIPAMENTOS E APARELHOS PARA TRANSPORTE E ELEVAÇÃO DE CARGAS",,Sim
ELEVADORES E ESCADAS ROLANTES,168283,28.168.052/0001-90,,ELEVADORES NACIONAL DO BRASIL LTDA,Sim,,57053: Vitória,ES,2: SOCIEDADE EMPRESÁRIA LIMITADA,2: null,,,"2822401: FABRICAÇÃO DE MÁQUINAS, EQUIPAMENTOS E APARELHOS PARA TRANSPORTE E ELEVAÇÃO DE PESSOAS, PEÇAS E ACESSÓRIOS",,Sim
ELEVADORES E ESCADAS ROLANTES,169675,29.739.737/0015-08,,ELEVADORES OTIS LTDA,Sim,,57053: Vitória,ES,2: SOCIEDADE EMPRESÁRIA LIMITADA,2: null,,,"3314708: MANUTENÇÃO E REPARAÇÃO DE MÁQUINAS, EQUIPAMENTOS E APARELHOS PARA TRANSPORTE E ELEVAÇÃO DE CARGAS",,Sim
ELEVADORES E ESCADAS ROLANTES,221521,90.347.840/0012-70,,TK ELEVADORES BRASIL LTDA,Sim,,57053: Vitória,ES,2: SOCIEDADE EMPRESÁRIA LIMITADA,2: null,,,"4329103: INSTALAÇÃO, MANUTENÇÃO E REPARAÇÃO DE ELEVADORES, ESCADAS E ESTEIRAS ROLANTES",,Sim
ELEVADORES E ESCADAS ROLANTES,268113,07.277.777/0001-47,,DIGITAL TECNOLOGIA E SEGURANCA LTDA,Sim,,56995: Serra,ES,2: SOCIEDADE EMPRESÁRIA LIMITADA,2: null,,,4649402: COMÉRCIO ATACADISTA DE APARELHOS ELETRÔNICOS DE USO PESSOAL E DOMÉSTICO,,Sim
ELEVADORES E ESCADAS ROLANTES,303341,14.829.403/0001-52,,MARCUS DOS SANTOS TEIXEIRA 02896573690,Não,,56995: Serra,ES,1: EMPRESÁRIO (INDIVIDUAL),2: null,,,4753900: COMÉRCIO VAREJISTA ESPECIALIZADO DE ELETRODOMÉSTICOS E EQUIPAMENTOS DE ÁUDIO E VÍDEO,,Sim
ELEVADORES E ESCADAS ROLANTES,400406,01.436.189/0001-22,,CAIO INDUSTRIA E COMERCIO LTDA,Sim,,57053: Vitória,ES,2: SOCIEDADE EMPRESÁRIA LIMITADA,2: null,,,4669999: COMÉRCIO ATACADISTA DE OUTRAS MÁQUINAS E EQUIPAMENTOS NÃO ESPECIFICADOS ANTERIORMENTE; PARTES E PEÇAS,,Sim
ELEVADORES E ESCADAS ROLANTES,474204,09.392.396/0001-34,,PROTENDI COMERCIO DE EPI LTDA,Sim,,57037: Vila Velha,ES,2: SOCIEDADE EMPRESÁRIA LIMITADA,2: null,,,4642702: COMÉRCIO ATACADISTA DE ROUPAS E ACESSÓRIOS PARA USO PROFISSIONAL E DE SEGURANÇA DO TRABALHO,,Sim
ELEVADORES E ESCADAS ROLANTES,641671,28.416.873/0001-07,,COMAPRO COMERCIO E IMPORTACAO LTDA,Sim,,57053: Vitória,ES,2: SOCIEDADE EMPRESÁRIA LIMITADA,2: null,,,4689399: COMÉRCIO ATACADISTA ESPECIALIZADO EM OUTROS PRODUTOS INTERMEDIÁRIOS NÃO ESPECIFICADOS ANTERIORMENTE,,Sim
ELEVADORES E ESCADAS ROLANTES,748358,47.402.338/0001-33,,ALFA MANUTENCAO EM SERVICOS GERAIS LTDA,Sim,,56057: Alfredo Chaves,ES,2: SOCIEDADE EMPRESÁRIA LIMITADA,2: null,,,4330404: SERVIÇOS DE PINTURA DE EDIFÍCIOS EM GERAL,,Sim
ELEVADORES E ESCADAS ROLANTES,236,00.028.986/0010-07,,ELEVADORES ATLAS SCHINDLER LTDA.,Sim,,41238: Belo Horizonte,MG,2: SOCIEDADE EMPRESÁRIA LIMITADA,2: null,,,"4329103: INSTALAÇÃO, MANUTENÇÃO E REPARAÇÃO DE ELEVADORES, ESCADAS E ESTEIRAS ROLANTES",,Sim
ELEVADORES E ESCADAS ROLANTES,238,00.028.986/0012-60,,ELEVADORES ATLAS SCHINDLER LTDA.,Sim,,54038: Uberlândia,MG,2: SOCIEDADE EMPRESÁRIA LIMITADA,2: null,,,"4329103: INSTALAÇÃO, MANUTENÇÃO E REPARAÇÃO DE ELEVADORES, ESCADAS E ESTEIRAS ROLANTES",,Sim
ELEVADORES E ESCADAS ROLANTES,4364,00.427.711/0001-47,,MECANICA MARTINS GUEDES LTDA,Sim,,48437: Miraí,MG,2: SOCIEDADE EMPRESÁRIA LIMITADA,2: null,,,"2862300: FABRICAÇÃO DE MÁQUINAS E EQUIPAMENTOS PARA AS INDÚSTRIAS DE ALIMENTOS, BEBIDAS E FUMO, PEÇAS E ACESSÓRIOS",,Sim
ELEVADORES E ESCADAS ROLANTES,5504,00.524.205/0001-76,,CONTROL ELEVADORES LTDA,Sim,,41238: Belo Horizonte,MG,2: SOCIEDADE EMPRESÁRIA LIMITADA,2: null,,,"4329103: INSTALAÇÃO, MANUTENÇÃO E REPARAÇÃO DE ELEVADORES, ESCADAS E ESTEIRAS ROLANTES",,Sim
ELEVADORES E ESCADAS ROLANTES,8102,00.740.155/0001-64,,GB HIDRAULICA GRUPO EMPRESARIAL LTDA,Sim,,41238: Belo Horizonte,MG,2: SOCIEDADE EMPRESÁRIA LIMITADA,2: null,,,4669901: COMÉRCIO ATACADISTA DE BOMBAS E COMPRESSORES; PARTES E PEÇAS,,Sim
ELEVADORES E ESCADAS ROLANTES,8962,00.822.938/0001-97,,ELEVADORES MODULO LTDA,Sim,,41238: Belo Horizonte,MG,2: SOCIEDADE EMPRESÁRIA LIMITADA,2: null,,,"4329103: INSTALAÇÃO, MANUTENÇÃO E REPARAÇÃO DE ELEVADORES, ESCADAS E ESTEIRAS ROLANTES",,Sim
ELEVADORES E ESCADAS ROLANTES,11036,01.001.371/0001-50,,ESA COMERCIO LTDA,Sim,,41238: Belo Horizonte,MG,2: SOCIEDADE EMPRESÁRIA LIMITADA,2: null,,,4742300: COMÉRCIO VAREJISTA DE MATERIAL ELÉTRICO,,Sim
ELEVADORES E ESCADAS ROLANTES,11417,01.030.914/0001-68,,CENTRAL ELEVADORES LTDA,Sim,,41238: Belo Horizonte,MG,2: SOCIEDADE EMPRESÁRIA LIMITADA,2: null,,,"4329103: INSTALAÇÃO, MANUTENÇÃO E REPARAÇÃO DE ELEVADORES, ESCADAS E ESTEIRAS ROLANTES",,Sim
ELEVADORES E ESCADAS ROLANTES,13692,01.221.364/0001-64,,INTERFACE AUTOMACAO INDUSTRIAL LTDA,Sim,,43710: Contagem,MG,2: SOCIEDADE EMPRESÁRIA LIMITADA,2: null,,,"2829199: FABRICAÇÃO DE OUTRAS MÁQUINAS E EQUIPAMENTOS DE USO GERAL NÃO ESPECIFICADOS ANTERIORMENTE, PEÇAS E ACESSÓRIOS",,Sim
ELEVADORES E ESCADAS ROLANTES,30013,02.520.586/0001-40,,CASA DAS FERRAMENTAS DE ARAGUARI LTDA,Não,,40690: Araguari,MG,2: SOCIEDADE EMPRESÁRIA LIMITADA,2: null,,,6810202: ALUGUEL DE IMÓVEIS PRÓPRIOS,,Sim
ELEVADORES E ESCADAS ROLANTES,53689,04.145.419/0001-92,,PROBANC ENGENHARIA S.A.,Sim,,41238: Belo Horizonte,MG,48: SOCIEDADE ANÔNIMA FECHADA,2: null,,,4299599: OUTRAS OBRAS DE ENGENHARIA CIVIL NÃO ESPECIFICADAS ANTERIORMENTE,,Sim
ELEVADORES E ESCADAS ROLANTES,57219,04.357.367/0001-18,,GMS ELETROMECANICA PNEUMATICA LTDA,Não,,43710: Contagem,MG,2: SOCIEDADE EMPRESÁRIA LIMITADA,2: null,,,4530703: COMÉRCIO A VAREJO DE PEÇAS E ACESSÓRIOS NOVOS PARA VEÍCULOS AUTOMOTORES,,Sim
ELEVADORES E ESCADAS ROLANTES,59190,04.477.131/0001-15,,ACESSO MAQUINAS INTELIGENTES LTDA,Sim,,41238: Belo Horizonte,MG,2: SOCIEDADE EMPRESÁRIA LIMITADA,2: null,,,"2822402: FABRICAÇÃO DE MÁQUINAS, EQUIPAMENTOS E APARELHOS PARA TRANSPORTE E ELEVAÇÃO DE CARGAS, PEÇAS E ACESSÓRIOS",,Sim
ELEVADORES E ESCADAS ROLANTES,77732,05.592.479/0001-16,,ROUG PART'S COMERCIO & REPRESENTACAO LTDA,Sim,,41238: Belo Horizonte,MG,2: SOCIEDADE EMPRESÁRIA LIMITADA,2: null,,,4689399: COMÉRCIO ATACADISTA ESPECIALIZADO EM OUTROS PRODUTOS INTERMEDIÁRIOS NÃO ESPECIFICADOS ANTERIORMENTE,,Sim
ELEVADORES E ESCADAS ROLANTES,97467,07.179.937/0001-15,,VERTICALTECH INDUSTRIA DE ELEVADORES LTDA,Não,,41238: Belo Horizonte,MG,2: SOCIEDADE EMPRESÁRIA LIMITADA,2: null,,,"2822401: FABRICAÇÃO DE MÁQUINAS, EQUIPAMENTOS E APARELHOS PARA TRANSPORTE E ELEVAÇÃO DE PESSOAS, PEÇAS E ACESSÓRIOS",,Sim
ELEVADORES E ESCADAS ROLANTES,99822,07.290.027/0001-05,,TECSULVALE INDUSTRIA E COMERCIO DE EQUIPAMENTOS ELETRO MECANICOS LTDA,Não,,51918: Santa Rita do Sapucaí,MG,2: SOCIEDADE EMPRESÁRIA LIMITADA,2: null,,,"7739099: ALUGUEL DE OUTRAS MÁQUINAS E EQUIPAMENTOS COMERCIAIS E INDUSTRIAIS NÃO ESPECIFICADOS ANTERIORMENTE, SEM OPERADOR",,Sim
ELEVADORES E ESCADAS ROLANTES,114410,08.097.763/0001-04,,SHOW MIX DISTRIBUIDORA DE MATERIAIS DE CONSTRUCOES E SERVICOS LTDA,Sim,,26913: Juatuba,MG,2: SOCIEDADE EMPRESÁRIA LIMITADA,2: null,,,4744099: COMÉRCIO VAREJISTA DE MATERIAIS DE CONSTRUÇÃO EM GERAL,,Sim
ELEVADORES E ESCADAS ROLANTES,115398,08.194.579/0001-82,,LEANDRO LUIZ LEAL SILVA,Sim,,41238: Belo Horizonte,MG,1: EMPRESÁRIO (INDIVIDUAL),2: null,,,"4693100: COMÉRCIO ATACADISTA DE MERCADORIAS EM GERAL, SEM PREDOMINÂNCIA DE ALIMENTOS OU DE INSUMOS AGROPECUÁRIOS",,Sim
ELEVADORES E ESCADAS ROLANTES,130646,09.319.626/0001-30,,CELMAQ INDUSTRIA E COMERCIO LTDA,Não,,43710: Contagem,MG,2: SOCIEDADE EMPRESÁRIA LIMITADA,2: null,,,"2840200: FABRICAÇÃO DE MÁQUINAS-FERRAMENTA, PEÇAS E ACESSÓRIOS",,Sim
ELEVADORES E ESCADAS ROLANTES,132060,09.417.554/0001-63,,"SERVEL COMERCIO, MONTAGEM E MANUTENCAO ELETRICA LTDA",Sim,,46477: Itajubá,MG,2: SOCIEDADE EMPRESÁRIA LIMITADA,2: null,,,4321500: INSTALAÇÃO E MANUTENÇÃO ELÉTRICA,,Sim
ELEVADORES E ESCADAS ROLANTES,137116,10.266.760/0001-07,,COMERCIAL FARAH LTDA.,Sim,,47791: Machado,MG,2: SOCIEDADE EMPRESÁRIA LIMITADA,2: null,,,4753900: COMÉRCIO VAREJISTA ESPECIALIZADO DE ELETRODOMÉSTICOS E EQUIPAMENTOS DE ÁUDIO E VÍDEO,,Sim
ELEVADORES E ESCADAS ROLANTES,143137,10.745.622/0001-00,,ETHOS COMERCIAL E SERVICOS LTDA,Não,,54259: Vespasiano,MG,2: SOCIEDADE EMPRESÁRIA LIMITADA,2: null,,,4642702: COMÉRCIO ATACADISTA DE ROUPAS E ACESSÓRIOS PARA USO PROFISSIONAL E DE SEGURANÇA DO TRABALHO,,Sim
ELEVADORES E ESCADAS ROLANTES,145158,10.921.809/0001-00,,D3JF EMPREENDIMENTOS COMERCIAIS LTDA,Sim,,47333: Juiz de Fora,MG,2: SOCIEDADE EMPRESÁRIA LIMITADA,2: null,,,"3250702: FABRICAÇÃO DE MOBILIÁRIO PARA USO MÉDICO, CIRÚRGICO, ODONTOLÓGICO E DE LABORATÓRIO",,Sim
ELEVADORES E ESCADAS ROLANTES,146985,11.139.349/0001-25,,AGV COMERCIO E SERVICOS LTDA,Não,,41238: Belo Horizonte,MG,2: SOCIEDADE EMPRESÁRIA LIMITADA,2: null,,,4673700: COMÉRCIO ATACADISTA DE MATERIAL ELÉTRICO,,Sim
ELEVADORES E ESCADAS ROLANTES,157767,17.185.679/0001-33,,OTHON DE CARVALHO E CIA LTDA,Sim,,41238: Belo Horizonte,MG,2: SOCIEDADE EMPRESÁRIA LIMITADA,2: null,,,4679604: COMÉRCIO ATACADISTA ESPECIALIZADO DE MATERIAIS DE CONSTRUÇÃO NÃO ESPECIFICADOS ANTERIORMENTE,,Sim
ELEVADORES E ESCADAS ROLANTES,158292,17.500.224/0001-65,,USIMINAS MECANICA SA,Sim,,41238: Belo Horizonte,MG,48: SOCIEDADE ANÔNIMA FECHADA,2: null,,,2511000: FABRICAÇÃO DE ESTRUTURAS METÁLICAS,,Sim
ELEVADORES E ESCADAS ROLANTES,158378,17.609.256/0001-01,,MONTELE - INDUSTRIA DE ELEVADORES LTDA,Sim,,43710: Contagem,MG,2: SOCIEDADE EMPRESÁRIA LIMITADA,2: null,,,"2822401: FABRICAÇÃO DE MÁQUINAS, EQUIPAMENTOS E APARELHOS PARA TRANSPORTE E ELEVAÇÃO DE PESSOAS, PEÇAS E ACESSÓRIOS",,Sim
ELEVADORES E ESCADAS ROLANTES,162951,23.252.836/0001-89,,ELEVEM LTDA,Sim,,50350: Poços de Caldas,MG,2: SOCIEDADE EMPRESÁRIA LIMITADA,2: null,,,"4329103: INSTALAÇÃO, MANUTENÇÃO E REPARAÇÃO DE ELEVADORES, ESCADAS E ESTEIRAS ROLANTES",,Sim
ELEVADORES E ESCADAS ROLANTES,165959,25.995.291/0001-26,,MML IND E COM LTDA,Sim,,47554: Lambarí,MG,2: SOCIEDADE EMPRESÁRIA LIMITADA,2: null,,,"2521700: FABRICAÇÃO DE TANQUES, RESERVATÓRIOS METÁLICOS E CALDEIRAS PARA AQUECIMENTO CENTRAL",,Sim
ELEVADORES E ESCADAS ROLANTES,169665,29.739.737/0005-36,,ELEVADORES OTIS LTDA,Sim,,41238: Belo Horizonte,MG,2: SOCIEDADE EMPRESÁRIA LIMITADA,2: null,,,"4329103: INSTALAÇÃO, MANUTENÇÃO E REPARAÇÃO DE ELEVADORES, ESCADAS E ESTEIRAS ROLANTES",,Sim
ELEVADORES E ESCADAS ROLANTES,185330,44.013.159/0008-92,,SIEMENS ENERGY BRASIL LTDA.,Sim,,41238: Belo Horizonte,MG,2: SOCIEDADE EMPRESÁRIA LIMITADA,2: null,,,4663000: COMÉRCIO ATACADISTA DE MÁQUINAS E EQUIPAMENTOS PARA USO INDUSTRIAL; PARTES E PEÇAS,,Sim
ELEVADORES E ESCADAS ROLANTES,200196,65.188.195/0001-90,,ORGUEL PLATAFORMAS ELEVATORIAS LTDA,Não,,54259: Vespasiano,MG,2: SOCIEDADE EMPRESÁRIA LIMITADA,2: null,,,4399104: SERVIÇOS DE OPERAÇÃO E FORNECIMENTO DE EQUIPAMENTOS PARA TRANSPORTE E ELEVAÇÃO DE CARGAS E PESSOAS PARA USO EM OBRAS,,Sim
ELEVADORES E ESCADAS ROLANTES,200321,65.313.538/0001-00,,PRESTOBAT LTDA,Sim,,41238: Belo Horizonte,MG,2: SOCIEDADE EMPRESÁRIA LIMITADA,2: null,,,"4693100: COMÉRCIO ATACADISTA DE MERCADORIAS EM GERAL, SEM PREDOMINÂNCIA DE ALIMENTOS OU DE INSUMOS AGROPECUÁRIOS",,Sim
ELEVADORES E ESCADAS ROLANTES,221516,90.347.840/0007-03,,TK ELEVADORES BRASIL LTDA,Sim,,41238: Belo Horizonte,MG,2: SOCIEDADE EMPRESÁRIA LIMITADA,2: null,,,"4329103: INSTALAÇÃO, MANUTENÇÃO E REPARAÇÃO DE ELEVADORES, ESCADAS E ESTEIRAS ROLANTES",,Sim
ELEVADORES E ESCADAS ROLANTES,276283,05.355.323/0001-11,,WORK ELEVADORES LTDA,Sim,,54038: Uberlândia,MG,2: SOCIEDADE EMPRESÁRIA LIMITADA,2: null,,,"4329103: INSTALAÇÃO, MANUTENÇÃO E REPARAÇÃO DE ELEVADORES, ESCADAS E ESTEIRAS ROLANTES",,Sim
ELEVADORES E ESCADAS ROLANTES,279994,14.544.745/0001-26,,NORMA EMPREENDIMENTOS ELETRICOS LTDA,Não,,41238: Belo Horizonte,MG,2: SOCIEDADE EMPRESÁRIA LIMITADA,2: null,,,"3313999: MANUTENÇÃO E REPARAÇÃO DE MÁQUINAS, APARELHOS E MATERIAIS ELÉTRICOS NÃO ESPECIFICADOS ANTERIORMENTE",,Sim
ELEVADORES E ESCADAS ROLANTES,306050,90.347.840/0063-10,,TK ELEVADORES BRASIL LTDA,Sim,,48950: Nova Lima,MG,2: SOCIEDADE EMPRESÁRIA LIMITADA,2: null,,,"4329103: INSTALAÇÃO, MANUTENÇÃO E REPARAÇÃO DE ELEVADORES, ESCADAS E ESTEIRAS ROLANTES",,Sim
ELEVADORES E ESCADAS ROLANTES,324916,17.561.197/0001-30,,MASER EQUIPAMENTOS E SERVICOS LTDA,Não,,41238: Belo Horizonte,MG,2: SOCIEDADE EMPRESÁRIA LIMITADA,2: null,,,"4661300: COMÉRCIO ATACADISTA DE MÁQUINAS, APARELHOS E EQUIPAMENTOS PARA USO AGROPECUÁRIO; PARTES E PEÇAS",,Sim
ELEVADORES E ESCADAS ROLANTES,342799,06.935.508/0001-68,,TECLEV ELEVADORES E SERVICOS LTDA,Sim,,41238: Belo Horizonte,MG,2: SOCIEDADE EMPRESÁRIA LIMITADA,2: null,,,"2822401: FABRICAÇÃO DE MÁQUINAS, EQUIPAMENTOS E APARELHOS PARA TRANSPORTE E ELEVAÇÃO DE PESSOAS, PEÇAS E ACESSÓRIOS",,Sim
ELEVADORES E ESCADAS ROLANTES,353260,08.462.156/0001-04,,FUSYON PRIME COMERCIO DE MERCADORIAS E SERVICOS LTDA,Não,,54070: Unaí,MG,2: SOCIEDADE EMPRESÁRIA LIMITADA,2: null,,,4639701: COMÉRCIO ATACADISTA DE PRODUTOS ALIMENTÍCIOS EM GERAL,,Sim
ELEVADORES E ESCADAS ROLANTES,374628,90.347.840/0062-30,,TK ELEVADORES BRASIL LTDA,Sim,,54038: Uberlândia,MG,2: SOCIEDADE EMPRESÁRIA LIMITADA,2: null,,,"4329103: INSTALAÇÃO, MANUTENÇÃO E REPARAÇÃO DE ELEVADORES, ESCADAS E ESTEIRAS ROLANTES",,Sim
ELEVADORES E ESCADAS ROLANTES,382001,12.021.018/0001-59,,FABRICIO ALBERT COELHO,Sim,,47635: Lavras,MG,1: EMPRESÁRIO (INDIVIDUAL),2: null,,,9521500: REPARAÇÃO E MANUTENÇÃO DE EQUIPAMENTOS ELETROELETRÔNICOS DE USO PESSOAL E DOMÉSTICO,,Sim
ELEVADORES E ESCADAS ROLANTES,387054,07.468.188/0001-46,,CRONOS ELEVADORES LTDA.,Não,,54011: Uberaba,MG,2: SOCIEDADE EMPRESÁRIA LIMITADA,2: null,,,"4329103: INSTALAÇÃO, MANUTENÇÃO E REPARAÇÃO DE ELEVADORES, ESCADAS E ESTEIRAS ROLANTES",,Sim
ELEVADORES E ESCADAS ROLANTES,390621,90.347.840/0030-52,,TK ELEVADORES BRASIL LTDA,Sim,,47333: Juiz de Fora,MG,2: SOCIEDADE EMPRESÁRIA LIMITADA,2: null,,,"4329103: INSTALAÇÃO, MANUTENÇÃO E REPARAÇÃO DE ELEVADORES, ESCADAS E ESTEIRAS ROLANTES",,Sim
ELEVADORES E ESCADAS ROLANTES,436488,19.749.802/0001-27,,M&S COMERCIO DE MATERIAIS INDUSTRIAIS LTDA,Sim,,41238: Belo Horizonte,MG,2: SOCIEDADE EMPRESÁRIA LIMITADA,2: null,,,4742300: COMÉRCIO VAREJISTA DE MATERIAL ELÉTRICO,,Sim
ELEVADORES E ESCADAS ROLANTES,449857,15.388.132/0001-00,,ELEVADORES & CONSERVADORA ALIANCA LTDA,Sim,,45535: Governador Valadares,MG,2: SOCIEDADE EMPRESÁRIA LIMITADA,2: null,,,"4329103: INSTALAÇÃO, MANUTENÇÃO E REPARAÇÃO DE ELEVADORES, ESCADAS E ESTEIRAS ROLANTES",,Sim
ELEVADORES E ESCADAS ROLANTES,467508,21.607.601/0001-37,,S.G INDUSTRIA DE ELEVADORES LTDA,Sim,,41238: Belo Horizonte,MG,2: SOCIEDADE EMPRESÁRIA LIMITADA,2: null,,,"2822401: FABRICAÇÃO DE MÁQUINAS, EQUIPAMENTOS E APARELHOS PARA TRANSPORTE E ELEVAÇÃO DE PESSOAS, PEÇAS E ACESSÓRIOS",,Sim
ELEVADORES E ESCADAS ROLANTES,549002,14.111.321/0001-78,,MG ESCAL LTDA,Sim,,41238: Belo Horizonte,MG,2: SOCIEDADE EMPRESÁRIA LIMITADA,2: null,,,"4329103: INSTALAÇÃO, MANUTENÇÃO E REPARAÇÃO DE ELEVADORES, ESCADAS E ESTEIRAS ROLANTES",,Sim
ELEVADORES E ESCADAS ROLANTES,557155,32.931.261/0001-11,,SERGIO RICARDO BRIGAGAO DE CARVALHO,Não,,47791: Machado,MG,1: EMPRESÁRIO (INDIVIDUAL),2: null,,,4639701: COMÉRCIO ATACADISTA DE PRODUTOS ALIMENTÍCIOS EM GERAL,,Sim
ELEVADORES E ESCADAS ROLANTES,557390,07.614.645/0001-63,,VERTLINE ELEVADORES LTDA,Sim,,26913: Juatuba,MG,2: SOCIEDADE EMPRESÁRIA LIMITADA,2: null,,,"2822401: FABRICAÇÃO DE MÁQUINAS, EQUIPAMENTOS E APARELHOS PARA TRANSPORTE E ELEVAÇÃO DE PESSOAS, PEÇAS E ACESSÓRIOS",,Sim
ELEVADORES E ESCADAS ROLANTES,566508,28.796.961/0001-73,,LION ELEVADORES LTDA,Sim,,41238: Belo Horizonte,MG,2: SOCIEDADE EMPRESÁRIA LIMITADA,2: null,,,"4329103: INSTALAÇÃO, MANUTENÇÃO E REPARAÇÃO DE ELEVADORES, ESCADAS E ESTEIRAS ROLANTES",,Sim
ELEVADORES E ESCADAS ROLANTES,568205,07.956.465/0001-60,,NM SUPRIMENTOS INDUSTRIAIS LTDA,Sim,,46256: Ipatinga,MG,2: SOCIEDADE EMPRESÁRIA LIMITADA,2: null,,,4759899: COMÉRCIO VAREJISTA DE OUTROS ARTIGOS DE USO PESSOAL E DOMÉSTICO NÃO ESPECIFICADOS ANTERIORMENTE,,Sim
ELEVADORES E ESCADAS ROLANTES,568273,22.244.956/0001-71,,VACE ENGENHARIA LTDA,Sim,,41238: Belo Horizonte,MG,2: SOCIEDADE EMPRESÁRIA LIMITADA,2: null,,,"2822401: FABRICAÇÃO DE MÁQUINAS, EQUIPAMENTOS E APARELHOS PARA TRANSPORTE E ELEVAÇÃO DE PESSOAS, PEÇAS E ACESSÓRIOS",,Sim
ELEVADORES E ESCADAS ROLANTES,590219,08.815.435/0001-04,,IBDT INDUSTRIA METALURGICA E INOVACOES LTDA,Sim,,40797: Araxá,MG,2: SOCIEDADE EMPRESÁRIA LIMITADA,2: null,,,"2930103: FABRICAÇÃO DE CABINES, CARROCERIAS E REBOQUES PARA OUTROS VEÍCULOS AUTOMOTORES, EXCETO CAMINHÕES E ÔNIBUS",,Sim
ELEVADORES E ESCADAS ROLANTES,591488,23.141.224/0001-19,,GABRIEL RIBEIRO HERNANDEZ MARTIN,Sim,,47333: Juiz de Fora,MG,1: EMPRESÁRIO (INDIVIDUAL),2: null,,,"5611203: LANCHONETES, CASAS DE CHÁ, DE SUCOS E SIMILARES",,Sim
ELEVADORES E ESCADAS ROLANTES,598880,26.917.959/0001-80,,HU CONSERVACAO DE ELEVADORES LTDA,Sim,,54135: Varginha,MG,2: SOCIEDADE EMPRESÁRIA LIMITADA,2: null,,,"4329103: INSTALAÇÃO, MANUTENÇÃO E REPARAÇÃO DE ELEVADORES, ESCADAS E ESTEIRAS ROLANTES",,Sim
ELEVADORES E ESCADAS ROLANTES,621143,27.017.851/0001-01,,AMANDA REGINA BUGIGA DOS SANTOS,Não,,42099: Camanducaia,MG,1: EMPRESÁRIO (INDIVIDUAL),2: null,,,"2542000: FABRICAÇÃO DE ARTIGOS DE SERRALHERIA, EXCETO ESQUADRIAS",,Sim
ELEVADORES E ESCADAS ROLANTES,622098,17.266.263/0001-40,,FEAG - FERRAGENS AGMAR PARA FACHADA LTDA,Sim,,54259: Vespasiano,MG,2: SOCIEDADE EMPRESÁRIA LIMITADA,2: null,,,2319200: FABRICAÇÃO DE ARTIGOS DE VIDRO,,Sim
ELEVADORES E ESCADAS ROLANTES,635643,90.347.840/0072-01,,TK ELEVADORES BRASIL LTDA,Sim,,46256: Ipatinga,MG,2: SOCIEDADE EMPRESÁRIA LIMITADA,2: null,,,"4329103: INSTALAÇÃO, MANUTENÇÃO E REPARAÇÃO DE ELEVADORES, ESCADAS E ESTEIRAS ROLANTES",,Sim
ELEVADORES E ESCADAS ROLANTES,635645,90.347.840/0074-73,,TK ELEVADORES BRASIL LTDA,Sim,,44458: Divinópolis,MG,2: SOCIEDADE EMPRESÁRIA LIMITADA,2: null,,,"4329103: INSTALAÇÃO, MANUTENÇÃO E REPARAÇÃO DE ELEVADORES, ESCADAS E ESTEIRAS ROLANTES",,Sim
ELEVADORES E ESCADAS ROLANTES,664369,40.119.130/0001-62,,PANORAMICA ELEVADORES MANUTENCAO E PECAS LTDA,Sim,,41238: Belo Horizonte,MG,2: SOCIEDADE EMPRESÁRIA LIMITADA,2: null,,,3321000: INSTALAÇÃO DE MÁQUINAS E EQUIPAMENTOS INDUSTRIAIS,,Sim
ELEVADORES E ESCADAS ROLANTES,698409,07.388.494/0001-72,,SIMEM ELEVADORES E TECNOLOGIA LTDA,Sim,,41238: Belo Horizonte,MG,2: SOCIEDADE EMPRESÁRIA LIMITADA,2: null,,,4789099: COMÉRCIO VAREJISTA DE OUTROS PRODUTOS NÃO ESPECIFICADOS ANTERIORMENTE,,Sim
ELEVADORES E ESCADAS ROLANTES,736764,47.258.301/0001-83,,MULTIMIX SOLUCOES INTEGRADAS LTDA,Sim,,53430: Sete Lagoas,MG,2: SOCIEDADE EMPRESÁRIA LIMITADA,2: null,,,4649499: COMÉRCIO ATACADISTA DE OUTROS EQUIPAMENTOS E ARTIGOS DE USO PESSOAL E DOMÉSTICO NÃO ESPECIFICADOS ANTERIORMENTE,,Sim
ELEVADORES E ESCADAS ROLANTES,814198,29.807.509/0001-22,,29.807.509 CRISTIANO FRANCELI,Sim,,49190: Ouro Fino,MG,1: EMPRESÁRIO (INDIVIDUAL),2: null,,,7319002: PROMOÇÃO DE VENDAS,,Sim
ELEVADORES E ESCADAS ROLANTES,835764,22.720.818/0001-11,,IESAB - INDUSTRIA DE ELEVADORES E SISTEMAS DO BRASIL LTDA,Sim,,41238: Belo Horizonte,MG,19: SOCIEDADE SIMPLES LIMITADA,2: null,,,7112000: SERVIÇOS DE ENGENHARIA,,Sim
ELEVADORES E ESCADAS ROLANTES,887767,27.902.340/0001-64,,NSA ELEVADORES LTDA,Sim,,53970: Ubá,MG,2: SOCIEDADE EMPRESÁRIA LIMITADA,2: null,,,"4329103: INSTALAÇÃO, MANUTENÇÃO E REPARAÇÃO DE ELEVADORES, ESCADAS E ESTEIRAS ROLANTES",,Sim
ELEVADORES E ESCADAS ROLANTES,935474,37.093.942/0001-71,,37.093.942 DIMITRIAN SUZAN COSTA,Sim,,41238: Belo Horizonte,MG,1: EMPRESÁRIO (INDIVIDUAL),2: null,,,4744099: COMÉRCIO VAREJISTA DE MATERIAIS DE CONSTRUÇÃO EM GERAL,,Sim
ELEVADORES E ESCADAS ROLANTES,962377,14.363.920/0001-89,,FARAH LICITACOES E COMERCIO LTDA,Sim,,47791: Machado,MG,2: SOCIEDADE EMPRESÁRIA LIMITADA,2: null,,,4753900: COMÉRCIO VAREJISTA ESPECIALIZADO DE ELETRODOMÉSTICOS E EQUIPAMENTOS DE ÁUDIO E VÍDEO,,Sim
"Instalação / Manutenção - Elevadores, Escadas",97138,07.164.814/0001-00,,MAXXIDUTO LEADER SERVICE COMERCIO CONSTRUCOES E SERVICOS LTDA,Não,,57037: Vila Velha,ES,2: SOCIEDADE EMPRESÁRIA LIMITADA,2: null,,,4221903: MANUTENÇÃO DE REDES DE DISTRIBUIÇÃO DE ENERGIA ELÉTRICA,,Sim
"Instalação / Manutenção - Elevadores, Escadas",123928,08.843.952/0001-89,,EPOCAS CONSTRUTORA LTDA,Sim,,56235: Cachoeiro de Itapemirim,ES,2: SOCIEDADE EMPRESÁRIA LIMITADA,2: null,,,"4222701: CONSTRUÇÃO DE REDES DE ABASTECIMENTO DE ÁGUA, COLETA DE ESGOTO E CONSTRUÇÕES CORRELATAS, EXCETO OBRAS DE IRRIGAÇÃO",,Sim
"Instalação / Manutenção - Elevadores, Escadas",170535,30.683.262/0001-69,,JDI SERVICOS TECNICOS E INDUSTRIAIS LTDA,Não,,57053: Vitória,ES,2: SOCIEDADE EMPRESÁRIA LIMITADA,2: null,,,7830200: FORNECIMENTO E GESTÃO DE RECURSOS HUMANOS PARA TERCEIROS,,Sim
"Instalação / Manutenção - Elevadores, Escadas",172477,32.469.645/0001-64,,CETEST ES - MANUTENCAO E UTILIDADES LTDA,Sim,,56995: Serra,ES,2: SOCIEDADE EMPRESÁRIA LIMITADA,2: null,,,"4322302: INSTALAÇÃO E MANUTENÇÃO DE SISTEMAS CENTRAIS DE AR CONDICIONADO, DE VENTILAÇÃO E REFRIGERAÇÃO",,Sim
"Instalação / Manutenção - Elevadores, Escadas",177294,36.006.690/0001-33,,"SPEED SERV - COMERCIO, PRESTACAO DE SERVICOS E LIMPEZA LTDA",Sim,,57037: Vila Velha,ES,2: SOCIEDADE EMPRESÁRIA LIMITADA,2: null,,,8129000: ATIVIDADES DE LIMPEZA NÃO ESPECIFICADAS ANTERIORMENTE,,Sim
"Instalação / Manutenção - Elevadores, Escadas",180657,39.272.265/0001-84,,"CONSERMA - SERVICOS, MANUTENCAO E TRANSPORTES LTDA",Sim,,56251: Cariacica,ES,2: SOCIEDADE EMPRESÁRIA LIMITADA,2: null,,,"8111700: SERVIÇOS COMBINADOS PARA APOIO A EDIFÍCIOS, EXCETO CONDOMÍNIOS PREDIAIS",,Sim
"Instalação / Manutenção - Elevadores, Escadas",257283,10.733.123/0001-95,,SAMER CONSTRUTORA E SERVICOS LTDA,Sim,,57053: Vitória,ES,2: SOCIEDADE EMPRESÁRIA LIMITADA,2: null,,,4399103: OBRAS DE ALVENARIA,,Sim
"Instalação / Manutenção - Elevadores, Escadas",263138,21.635.206/0001-68,,TELT LOCACOES LTDA,Sim,,57053: Vitória,ES,2: SOCIEDADE EMPRESÁRIA LIMITADA,2: null,,,"7732201: ALUGUEL DE MÁQUINAS E EQUIPAMENTOS PARA CONSTRUÇÃO SEM OPERADOR, EXCETO ANDAIMES",,Sim
"Instalação / Manutenção - Elevadores, Escadas",390604,19.344.178/0001-88,,VETA SERVICOS TECNICOS LTDA,Não,,56995: Serra,ES,2: SOCIEDADE EMPRESÁRIA LIMITADA,2: null,,,4321500: INSTALAÇÃO E MANUTENÇÃO ELÉTRICA,,Sim
"Instalação / Manutenção - Elevadores, Escadas",398698,20.063.827/0001-51,,K.S.SERVICOS DE MALOTES E DOCUMENTOS LTDA,Sim,,56251: Cariacica,ES,2: SOCIEDADE EMPRESÁRIA LIMITADA,2: null,,,5320201: SERVIÇOS DE MALOTE NÃO REALIZADOS PELO CORREIO NACIONAL,,Sim
"Instalação / Manutenção - Elevadores, Escadas",415936,10.749.921/0001-05,,ALTA ELEVADORES LTDA,Sim,,57053: Vitória,ES,2: SOCIEDADE EMPRESÁRIA LIMITADA,2: null,,,"4329103: INSTALAÇÃO, MANUTENÇÃO E REPARAÇÃO DE ELEVADORES, ESCADAS E ESTEIRAS ROLANTES",,Sim
"Instalação / Manutenção - Elevadores, Escadas",433714,11.206.617/0001-84,,SCHNEIDER ELEVADORES LTDA,Sim,,57037: Vila Velha,ES,2: SOCIEDADE EMPRESÁRIA LIMITADA,2: null,,,"4329103: INSTALAÇÃO, MANUTENÇÃO E REPARAÇÃO DE ELEVADORES, ESCADAS E ESTEIRAS ROLANTES",,Sim
"Instalação / Manutenção - Elevadores, Escadas",462464,06.026.071/0001-40,,SUDESTE - SERVICOS DE MANUTENCAO E MONTAGEM LTDA,Sim,,56316: Conceição da Barra,ES,2: SOCIEDADE EMPRESÁRIA LIMITADA,2: null,,,3321000: INSTALAÇÃO DE MÁQUINAS E EQUIPAMENTOS INDUSTRIAIS,,Sim
"Instalação / Manutenção - Elevadores, Escadas",468704,11.958.336/0001-88,,EVALTEC SERVICOS DE MANUTENCAO PREDIAL LTDA,Sim,,57053: Vitória,ES,2: SOCIEDADE EMPRESÁRIA LIMITADA,2: null,,,4321500: INSTALAÇÃO E MANUTENÇÃO ELÉTRICA,,Sim
"Instalação / Manutenção - Elevadores, Escadas",469290,25.122.500/0001-27,,CLIMAAR SERVICOS TECNICOS LTDA,Sim,,56979: São Mateus,ES,2: SOCIEDADE EMPRESÁRIA LIMITADA,2: null,,,"4322302: INSTALAÇÃO E MANUTENÇÃO DE SISTEMAS CENTRAIS DE AR CONDICIONADO, DE VENTILAÇÃO E REFRIGERAÇÃO",,Sim
"Instalação / Manutenção - Elevadores, Escadas",502166,26.619.522/0001-60,,DIRECIONAL ELEVADORES LTDA,Sim,,56235: Cachoeiro de Itapemirim,ES,2: SOCIEDADE EMPRESÁRIA LIMITADA,2: null,,,"4329103: INSTALAÇÃO, MANUTENÇÃO E REPARAÇÃO DE ELEVADORES, ESCADAS E ESTEIRAS ROLANTES",,Sim
"Instalação / Manutenção - Elevadores, Escadas",507206,22.881.035/0001-10,,SPERIDON COMERCIO INDUSTRIA E SERVICOS LTDA,Não,,57037: Vila Velha,ES,2: SOCIEDADE EMPRESÁRIA LIMITADA,2: null,,,"3299003: FABRICAÇÃO DE LETRAS, LETREIROS E PLACAS DE QUALQUER MATERIAL, EXCETO LUMINOSOS",,Sim
"Instalação / Manutenção - Elevadores, Escadas",534983,24.822.615/0001-61,,SOLLARES ENGENHARIA LTDA,Não,,56472: Guarapari,ES,2: SOCIEDADE EMPRESÁRIA LIMITADA,2: null,,,7112000: SERVIÇOS DE ENGENHARIA,,Sim
"Instalação / Manutenção - Elevadores, Escadas",542289,29.180.997/0001-90,,M F CHIABAI COMERCIO E SERVICOS,Sim,,56251: Cariacica,ES,1: EMPRESÁRIO (INDIVIDUAL),2: null,,,"4322302: INSTALAÇÃO E MANUTENÇÃO DE SISTEMAS CENTRAIS DE AR CONDICIONADO, DE VENTILAÇÃO E REFRIGERAÇÃO",,Sim
"Instalação / Manutenção - Elevadores, Escadas",543761,27.171.739/0001-12,,R7 CONSTRUTORA LTDA,Sim,,57037: Vila Velha,ES,2: SOCIEDADE EMPRESÁRIA LIMITADA,2: null,,,4742300: COMÉRCIO VAREJISTA DE MATERIAL ELÉTRICO,,Sim
"Instalação / Manutenção - Elevadores, Escadas",564010,27.685.772/0001-60,,MS METAL MECANICA LTDA,Sim,,57037: Vila Velha,ES,2: SOCIEDADE EMPRESÁRIA LIMITADA,2: null,,,"2539001: SERVIÇOS DE USINAGEM, TORNEARIA E SOLDA",,Sim
"Instalação / Manutenção - Elevadores, Escadas",566678,29.985.120/0001-77,,MARCONDES PEREIRA MENEGUSSE,Sim,,57053: Vitória,ES,1: EMPRESÁRIO (INDIVIDUAL),2: null,,,3319800: MANUTENÇÃO E REPARAÇÃO DE EQUIPAMENTOS E PRODUTOS NÃO ESPECIFICADOS ANTERIORMENTE,,Sim
"Instalação / Manutenção - Elevadores, Escadas",579232,25.293.280/0001-02,,HOLDER SOLUCOES ELEVADORES LTDA,Sim,,57053: Vitória,ES,2: SOCIEDADE EMPRESÁRIA LIMITADA,2: null,,,"4329103: INSTALAÇÃO, MANUTENÇÃO E REPARAÇÃO DE ELEVADORES, ESCADAS E ESTEIRAS ROLANTES",,Sim
"Instalação / Manutenção - Elevadores, Escadas",623254,02.932.729/0001-21,,RENOAR REFRIGERACAO E AR CONDICIONADO LTDA,Sim,,56995: Serra,ES,2: SOCIEDADE EMPRESÁRIA LIMITADA,2: null,,,"4322302: INSTALAÇÃO E MANUTENÇÃO DE SISTEMAS CENTRAIS DE AR CONDICIONADO, DE VENTILAÇÃO E REFRIGERAÇÃO",,Sim
"Instalação / Manutenção - Elevadores, Escadas",624900,43.076.082/0010-51,,ARROW BRASIL S/A,Não,,57010: Viana,ES,48: SOCIEDADE ANÔNIMA FECHADA,2: null,,,4669999: COMÉRCIO ATACADISTA DE OUTRAS MÁQUINAS E EQUIPAMENTOS NÃO ESPECIFICADOS ANTERIORMENTE; PARTES E PEÇAS,,Sim
"Instalação / Manutenção - Elevadores, Escadas",636671,08.990.182/0001-05,,AUTOMACAO MONTAGENS ELETRICAS INDUSTRIAIS LTDA,Sim,,57150: Pedro Canário,ES,2: SOCIEDADE EMPRESÁRIA LIMITADA,2: null,,,2330302: FABRICAÇÃO DE ARTEFATOS DE CIMENTO PARA USO NA CONSTRUÇÃO,,Sim
"Instalação / Manutenção - Elevadores, Escadas",686486,14.540.677/0001-27,,FACILITEX SERVICOS LTDA,Não,,56979: São Mateus,ES,2: SOCIEDADE EMPRESÁRIA LIMITADA,2: null,,,4120400: CONSTRUÇÃO DE EDIFÍCIOS,,Sim
"Instalação / Manutenção - Elevadores, Escadas",697907,34.508.829/0001-11,,C H ALVES DE SOUZA ELEVADORES E MONTAGEM,Sim,,57037: Vila Velha,ES,1: EMPRESÁRIO (INDIVIDUAL),2: null,,,"4329103: INSTALAÇÃO, MANUTENÇÃO E REPARAÇÃO DE ELEVADORES, ESCADAS E ESTEIRAS ROLANTES",,Sim
"Instalação / Manutenção - Elevadores, Escadas",776013,30.419.355/0001-80,,VINI CONSTRUCOES E REFORMAS LTDA,Sim,,56995: Serra,ES,2: SOCIEDADE EMPRESÁRIA LIMITADA,2: null,,,4120400: CONSTRUÇÃO DE EDIFÍCIOS,,Sim
"Instalação / Manutenção - Elevadores, Escadas",781041,02.950.651/0001-78,,ELEALPHA ELEVADORES LTDA,Sim,,57053: Vitória,ES,2: SOCIEDADE EMPRESÁRIA LIMITADA,2: null,,,"4329103: INSTALAÇÃO, MANUTENÇÃO E REPARAÇÃO DE ELEVADORES, ESCADAS E ESTEIRAS ROLANTES",,Sim
"Instalação / Manutenção - Elevadores, Escadas",795607,32.945.508/0001-59,,EWALD & VOLPE SOLUCOES EM ELEVADORES LTDA,Sim,,56995: Serra,ES,2: SOCIEDADE EMPRESÁRIA LIMITADA,2: null,,,"4329103: INSTALAÇÃO, MANUTENÇÃO E REPARAÇÃO DE ELEVADORES, ESCADAS E ESTEIRAS ROLANTES",,Sim
"Instalação / Manutenção - Elevadores, Escadas",835232,28.708.328/0001-86,,APTA ELEVADORES LTDA,Sim,,56251: Cariacica,ES,2: SOCIEDADE EMPRESÁRIA LIMITADA,2: null,,,"4329103: INSTALAÇÃO, MANUTENÇÃO E REPARAÇÃO DE ELEVADORES, ESCADAS E ESTEIRAS ROLANTES",,Sim
"Instalação / Manutenção - Elevadores, Escadas",848727,46.924.409/0001-03,,SILVESTRE SERVICOS TECNICOS LTDA,Sim,,56979: São Mateus,ES,2: SOCIEDADE EMPRESÁRIA LIMITADA,2: null,,,7112000: SERVIÇOS DE ENGENHARIA,,Sim
"Instalação / Manutenção - Elevadores, Escadas",877907,45.767.346/0001-58,,VISION MANUTENCAO E INSTALACAO DE ELEVADORES LTDA,Sim,,56995: Serra,ES,2: SOCIEDADE EMPRESÁRIA LIMITADA,2: null,,,"4329103: INSTALAÇÃO, MANUTENÇÃO E REPARAÇÃO DE ELEVADORES, ESCADAS E ESTEIRAS ROLANTES",,Sim
"Instalação / Manutenção - Elevadores, Escadas",928821,49.487.108/0001-40,,C E DOS SANTOS  LTDA,Sim,,57053: Vitória,ES,2: SOCIEDADE EMPRESÁRIA LIMITADA,2: null,,,7112000: SERVIÇOS DE ENGENHARIA,,Sim
"Instalação / Manutenção - Elevadores, Escadas",936751,24.703.927/0001-56,,UP ELEVADORES LTDA ME,Sim,,57053: Vitória,ES,2: SOCIEDADE EMPRESÁRIA LIMITADA,2: null,,,"4329103: INSTALAÇÃO, MANUTENÇÃO E REPARAÇÃO DE ELEVADORES, ESCADAS E ESTEIRAS ROLANTES",,Sim
"Instalação / Manutenção - Elevadores, Escadas",949742,34.262.928/0001-66,,SERCEL CONSTRUCOES LTDA,Sim,,56235: Cachoeiro de Itapemirim,ES,2: SOCIEDADE EMPRESÁRIA LIMITADA,2: null,,,4120400: CONSTRUÇÃO DE EDIFÍCIOS,,Sim
"Instalação / Manutenção - Elevadores, Escadas",237,00.028.986/0011-80,,ELEVADORES ATLAS SCHINDLER LTDA.,Sim,,47333: Juiz de Fora,MG,2: SOCIEDADE EMPRESÁRIA LIMITADA,2: null,,,"4329103: INSTALAÇÃO, MANUTENÇÃO E REPARAÇÃO DE ELEVADORES, ESCADAS E ESTEIRAS ROLANTES",,Sim
"Instalação / Manutenção - Elevadores, Escadas",2269,00.232.212/0001-02,,ENGEFORMASTER ENGENHARIA LTDA,Não,,41238: Belo Horizonte,MG,2: SOCIEDADE EMPRESÁRIA LIMITADA,2: null,,,7119799: ATIVIDADES TÉCNICAS RELACIONADAS À ENGENHARIA E ARQUITETURA NÃO ESPECIFICADAS ANTERIORMENTE,,Sim
"Instalação / Manutenção - Elevadores, Escadas",3971,00.393.826/0001-68,,UPTEC - CONSTRUCAO E TECNOLOGIA LTDA,Sim,,51330: Sabará,MG,2: SOCIEDADE EMPRESÁRIA LIMITADA,2: null,,,7112000: SERVIÇOS DE ENGENHARIA,,Sim
"Instalação / Manutenção - Elevadores, Escadas",17758,01.570.085/0001-06,,METALURGICA SKALADA LTDA,Não,,54038: Uberlândia,MG,2: SOCIEDADE EMPRESÁRIA LIMITADA,2: null,,,"2539001: SERVIÇOS DE USINAGEM, TORNEARIA E SOLDA",,Sim
"Instalação / Manutenção - Elevadores, Escadas",33248,02.755.159/0001-41,,SEME - SERVICOS ESPECIALIZADOS EM MANUTENCAO DE ELEVADORES LTDA,Sim,,41238: Belo Horizonte,MG,2: SOCIEDADE EMPRESÁRIA LIMITADA,2: null,,,8299799: OUTRAS ATIVIDADES DE SERVIÇOS PRESTADOS PRINCIPALMENTE ÀS EMPRESAS NÃO ESPECIFICADAS ANTERIORMENTE,,Sim
"Instalação / Manutenção - Elevadores, Escadas",33755,02.787.962/0001-68,,ENIC-EMPRESA NACIONAL DE CONSTRUCOES & SERVICOS LTDA,Não,,54038: Uberlândia,MG,2: SOCIEDADE EMPRESÁRIA LIMITADA,2: null,,,4120400: CONSTRUÇÃO DE EDIFÍCIOS,,Sim
"Instalação / Manutenção - Elevadores, Escadas",35420,02.912.440/0001-40,,GALAPAGOS CONSTRUCOES E INSTALACOES LTDA,Sim,,41238: Belo Horizonte,MG,2: SOCIEDADE EMPRESÁRIA LIMITADA,2: null,,,4120400: CONSTRUÇÃO DE EDIFÍCIOS,,Sim
"Instalação / Manutenção - Elevadores, Escadas",37568,03.055.422/0001-52,,ENGEMAN ENGENHARIA E MANUTENCAO LTDA,Sim,,41238: Belo Horizonte,MG,2: SOCIEDADE EMPRESÁRIA LIMITADA,2: null,,,7112000: SERVIÇOS DE ENGENHARIA,,Sim
"Instalação / Manutenção - Elevadores, Escadas",57206,04.356.268/0001-11,,DOMUS CONSTRUCOES LTDA,Sim,,44458: Divinópolis,MG,2: SOCIEDADE EMPRESÁRIA LIMITADA,2: null,,,4399101: ADMINISTRAÇÃO DE OBRAS,,Sim
"Instalação / Manutenção - Elevadores, Escadas",59074,04.469.835/0001-46,,TELECO ENGENHARIA LTDA,Sim,,54038: Uberlândia,MG,2: SOCIEDADE EMPRESÁRIA LIMITADA,2: null,,,7112000: SERVIÇOS DE ENGENHARIA,,Sim
"Instalação / Manutenção - Elevadores, Escadas",70615,05.165.851/0001-08,,SERVICOS CFC LTDA,Sim,,54135: Varginha,MG,2: SOCIEDADE EMPRESÁRIA LIMITADA,2: null,,,7830200: FORNECIMENTO E GESTÃO DE RECURSOS HUMANOS PARA TERCEIROS,,Sim
"Instalação / Manutenção - Elevadores, Escadas",75063,05.444.637/0001-90,,MANTIQUEIRA ELEVADORES LTDA,Sim,,47333: Juiz de Fora,MG,2: SOCIEDADE EMPRESÁRIA LIMITADA,2: null,,,"4329103: INSTALAÇÃO, MANUTENÇÃO E REPARAÇÃO DE ELEVADORES, ESCADAS E ESTEIRAS ROLANTES",,Sim
"Instalação / Manutenção - Elevadores, Escadas",79638,05.698.312/0001-34,,DATAGROUP SERVICOS LTDA,Não,,54275: Viçosa,MG,2: SOCIEDADE EMPRESÁRIA LIMITADA,2: null,,,6204000: CONSULTORIA EM TECNOLOGIA DA INFORMAÇÃO,,Sim
"Instalação / Manutenção - Elevadores, Escadas",95464,07.080.642/0001-97,,PANORAMA MANUTENCAO EM ELEVADORES LTDA,Sim,,41238: Belo Horizonte,MG,2: SOCIEDADE EMPRESÁRIA LIMITADA,2: null,,,4789099: COMÉRCIO VAREJISTA DE OUTROS PRODUTOS NÃO ESPECIFICADOS ANTERIORMENTE,,Sim
"Instalação / Manutenção - Elevadores, Escadas",96288,07.123.906/0001-42,,PROSLIG INSTALACOES LTDA,Sim,,41238: Belo Horizonte,MG,2: SOCIEDADE EMPRESÁRIA LIMITADA,2: null,,,4120400: CONSTRUÇÃO DE EDIFÍCIOS,,Sim
"Instalação / Manutenção - Elevadores, Escadas",113552,08.035.976/0001-01,,ELEVADORES TRIANGULO LTDA,Sim,,54038: Uberlândia,MG,2: SOCIEDADE EMPRESÁRIA LIMITADA,2: null,,,"2822401: FABRICAÇÃO DE MÁQUINAS, EQUIPAMENTOS E APARELHOS PARA TRANSPORTE E ELEVAÇÃO DE PESSOAS, PEÇAS E ACESSÓRIOS",,Sim
"Instalação / Manutenção - Elevadores, Escadas",124334,08.873.472/0001-60,,ELEVADORES DINIZ LTDA,Sim,,40312: Alfenas,MG,2: SOCIEDADE EMPRESÁRIA LIMITADA,2: null,,,"4329103: INSTALAÇÃO, MANUTENÇÃO E REPARAÇÃO DE ELEVADORES, ESCADAS E ESTEIRAS ROLANTES",,Sim
"Instalação / Manutenção - Elevadores, Escadas",127696,09.110.046/0001-38,,CONSTRUTORA COFAL LTDA,Não,,41238: Belo Horizonte,MG,2: SOCIEDADE EMPRESÁRIA LIMITADA,2: null,,,4120400: CONSTRUÇÃO DE EDIFÍCIOS,,Sim
"Instalação / Manutenção - Elevadores, Escadas",130206,09.288.117/0001-97,,VERTICAL CONSULTORIA - ENGENHARIA EM ELEVADORES E TREINAMENTOS LTDA,Sim,,41238: Belo Horizonte,MG,2: SOCIEDADE EMPRESÁRIA LIMITADA,2: null,,,7112000: SERVIÇOS DE ENGENHARIA,,Sim
"Instalação / Manutenção - Elevadores, Escadas",130227,09.289.997/0001-16,,ALIANCA ELEVADORES LTDA,Sim,,41238: Belo Horizonte,MG,2: SOCIEDADE EMPRESÁRIA LIMITADA,2: null,,,"4329103: INSTALAÇÃO, MANUTENÇÃO E REPARAÇÃO DE ELEVADORES, ESCADAS E ESTEIRAS ROLANTES",,Sim
"Instalação / Manutenção - Elevadores, Escadas",130962,09.343.196/0001-91,,ELEVNEWS TECNOLOGIA EM ELEVADORES LTDA,Sim,,47333: Juiz de Fora,MG,2: SOCIEDADE EMPRESÁRIA LIMITADA,2: null,,,"4329103: INSTALAÇÃO, MANUTENÇÃO E REPARAÇÃO DE ELEVADORES, ESCADAS E ESTEIRAS ROLANTES",,Sim
"Instalação / Manutenção - Elevadores, Escadas",147512,11.210.144/0001-99,,FHALL ELEVADORES E SERVICOS LTDA,Sim,,41238: Belo Horizonte,MG,2: SOCIEDADE EMPRESÁRIA LIMITADA,2: null,,,"4329103: INSTALAÇÃO, MANUTENÇÃO E REPARAÇÃO DE ELEVADORES, ESCADAS E ESTEIRAS ROLANTES",,Sim
"Instalação / Manutenção - Elevadores, Escadas",149236,11.501.324/0001-20,,VERTICAL CONSTRUCOES LTDA,Não,,46434: Itaguará,MG,2: SOCIEDADE EMPRESÁRIA LIMITADA,2: null,,,4120400: CONSTRUÇÃO DE EDIFÍCIOS,,Sim
"Instalação / Manutenção - Elevadores, Escadas",150469,11.770.360/0001-99,,APICE ELEVADORES LTDA,Sim,,54275: Viçosa,MG,2: SOCIEDADE EMPRESÁRIA LIMITADA,2: null,,,"4329103: INSTALAÇÃO, MANUTENÇÃO E REPARAÇÃO DE ELEVADORES, ESCADAS E ESTEIRAS ROLANTES",,Sim
"Instalação / Manutenção - Elevadores, Escadas",158069,17.375.874/0001-26,,SICLA ENGENHARIA LTDA,Sim,,41238: Belo Horizonte,MG,2: SOCIEDADE EMPRESÁRIA LIMITADA,2: null,,,4120400: CONSTRUÇÃO DE EDIFÍCIOS,,Sim
"Instalação / Manutenção - Elevadores, Escadas",159247,18.981.068/0001-64,,ENGEFORMA ENGENHARIA INDUSTRIA E COMERCIO LTDA,Sim,,41238: Belo Horizonte,MG,2: SOCIEDADE EMPRESÁRIA LIMITADA,2: null,,,4120400: CONSTRUÇÃO DE EDIFÍCIOS,,Sim
"Instalação / Manutenção - Elevadores, Escadas",159465,19.235.340/0001-20,,CONSTRUTORA TERRACO S.A.,Sim,,41238: Belo Horizonte,MG,48: SOCIEDADE ANÔNIMA FECHADA,2: null,,,4211101: CONSTRUÇÃO DE RODOVIAS E FERROVIAS,,Sim
"Instalação / Manutenção - Elevadores, Escadas",159788,19.617.661/0001-99,,CONSTRUTORA LIDERANCA LTDA,Sim,,41238: Belo Horizonte,MG,2: SOCIEDADE EMPRESÁRIA LIMITADA,2: null,,,4120400: CONSTRUÇÃO DE EDIFÍCIOS,,Sim
"Instalação / Manutenção - Elevadores, Escadas",200314,65.308.835/0001-59,,PROMEDICA MEDSERVICE LTDA,Sim,,54135: Varginha,MG,2: SOCIEDADE EMPRESÁRIA LIMITADA,2: null,,,4789099: COMÉRCIO VAREJISTA DE OUTROS PRODUTOS NÃO ESPECIFICADOS ANTERIORMENTE,,Sim
"Instalação / Manutenção - Elevadores, Escadas",252261,12.341.177/0001-30,,AMR ELEVADORES LTDA,Não,,41238: Belo Horizonte,MG,2: SOCIEDADE EMPRESÁRIA LIMITADA,2: null,,,"4329103: INSTALAÇÃO, MANUTENÇÃO E REPARAÇÃO DE ELEVADORES, ESCADAS E ESTEIRAS ROLANTES",,Sim
"Instalação / Manutenção - Elevadores, Escadas",254136,00.647.264/0001-31,,REFORMIX MANUTENCAO INDUSTRIAL LTDA,Sim,,41238: Belo Horizonte,MG,2: SOCIEDADE EMPRESÁRIA LIMITADA,2: null,,,4520001: SERVIÇOS DE MANUTENÇÃO E REPARAÇÃO MECÂNICA DE VEÍCULOS AUTOMOTORES,,Sim
"Instalação / Manutenção - Elevadores, Escadas",260366,09.576.230/0001-78,,C. F. SERRA,Sim,,53856: Três Corações,MG,1: EMPRESÁRIO (INDIVIDUAL),2: null,,,4743100: COMÉRCIO VAREJISTA DE VIDROS,,Sim
"Instalação / Manutenção - Elevadores, Escadas",263630,97.541.725/0001-29,,PONTUAL ELEVADORES LTDA,Sim,,44458: Divinópolis,MG,2: SOCIEDADE EMPRESÁRIA LIMITADA,2: null,,,"4329103: INSTALAÇÃO, MANUTENÇÃO E REPARAÇÃO DE ELEVADORES, ESCADAS E ESTEIRAS ROLANTES",,Sim
"Instalação / Manutenção - Elevadores, Escadas",271295,04.958.397/0001-80,,ANG MANUTENCOES LTDA,Sim,,50415: Ponte Nova,MG,2: SOCIEDADE EMPRESÁRIA LIMITADA,2: null,,,9521500: REPARAÇÃO E MANUTENÇÃO DE EQUIPAMENTOS ELETROELETRÔNICOS DE USO PESSOAL E DOMÉSTICO,,Sim
"Instalação / Manutenção - Elevadores, Escadas",282654,13.303.194/0001-46,,METTA MANUTENCAO E LOCACAO DE MAQUINAS LTDA,Sim,,54011: Uberaba,MG,2: SOCIEDADE EMPRESÁRIA LIMITADA,2: null,,,"3314708: MANUTENÇÃO E REPARAÇÃO DE MÁQUINAS, EQUIPAMENTOS E APARELHOS PARA TRANSPORTE E ELEVAÇÃO DE CARGAS",,Sim
"Instalação / Manutenção - Elevadores, Escadas",292128,13.190.817/0001-11,,PORTAL ZIP COMERCIO E SERVICOS DE TECNOLOGIA LTDA,Não,,41378: Bicas,MG,2: SOCIEDADE EMPRESÁRIA LIMITADA,2: null,,,6190699: OUTRAS ATIVIDADES DE TELECOMUNICAÇÕES NÃO ESPECIFICADAS ANTERIORMENTE,,Sim
"Instalação / Manutenção - Elevadores, Escadas",297492,15.126.678/0001-92,,GENESIS COMERCIO E SERVICOS LTDA,Não,,54038: Uberlândia,MG,2: SOCIEDADE EMPRESÁRIA LIMITADA,2: null,,,"3313901: MANUTENÇÃO E REPARAÇÃO DE GERADORES, TRANSFORMADORES E MOTORES ELÉTRICOS",,Sim
"Instalação / Manutenção - Elevadores, Escadas",297701,09.438.914/0001-03,,MATRIX MONTAGENS DE ESTANDES PARA FEIRAS E EVENTOS LTDA,Sim,,41238: Belo Horizonte,MG,2: SOCIEDADE EMPRESÁRIA LIMITADA,2: null,,,"4330402: INSTALAÇÃO DE PORTAS, JANELAS, TETOS, DIVISÓRIAS E ARMÁRIOS EMBUTIDOS DE QUALQUER MATERIAL",,Sim
"Instalação / Manutenção - Elevadores, Escadas",301691,82.225.285/0001-23,,LONDON COMERCIO DE ELETRO ELETRONICOS LTDA,Não,,54011: Uberaba,MG,2: SOCIEDADE EMPRESÁRIA LIMITADA,2: null,,,4652400: COMÉRCIO ATACADISTA DE COMPONENTES ELETRÔNICOS E EQUIPAMENTOS DE TELEFONIA E COMUNICAÇÃO,,Sim
"Instalação / Manutenção - Elevadores, Escadas",312373,13.891.942/0001-59,,NELSIANE ROCHA DE ARAUJO BORGES,Não,,54038: Uberlândia,MG,1: EMPRESÁRIO (INDIVIDUAL),2: null,,,4753900: COMÉRCIO VAREJISTA ESPECIALIZADO DE ELETRODOMÉSTICOS E EQUIPAMENTOS DE ÁUDIO E VÍDEO,,Sim
"Instalação / Manutenção - Elevadores, Escadas",329072,11.292.644/0001-17,,FLUENGE - ENGENHARIA DE FLUIDOS LTDA,Sim,,41238: Belo Horizonte,MG,2: SOCIEDADE EMPRESÁRIA LIMITADA,2: null,,,7112000: SERVIÇOS DE ENGENHARIA,,Sim
"Instalação / Manutenção - Elevadores, Escadas",353508,09.532.947/0001-18,,MERCURY PROJETOS E SERVICOS LTDA,Sim,,54038: Uberlândia,MG,2: SOCIEDADE EMPRESÁRIA LIMITADA,2: null,,,"4329103: INSTALAÇÃO, MANUTENÇÃO E REPARAÇÃO DE ELEVADORES, ESCADAS E ESTEIRAS ROLANTES",,Sim
"Instalação / Manutenção - Elevadores, Escadas",393722,11.479.523/0001-89,,ATMAN SERVICOS DE MANUTENCAO LTDA.,Não,,54011: Uberaba,MG,2: SOCIEDADE EMPRESÁRIA LIMITADA,2: null,,,"3313999: MANUTENÇÃO E REPARAÇÃO DE MÁQUINAS, APARELHOS E MATERIAIS ELÉTRICOS NÃO ESPECIFICADOS ANTERIORMENTE",,Sim
"Instalação / Manutenção - Elevadores, Escadas",395180,19.448.352/0001-32,,ALTERNATIVA MANUTENCOES E SERVICOS LTDA.,Não,,44458: Divinópolis,MG,2: SOCIEDADE EMPRESÁRIA LIMITADA,2: null,,,6822600: GESTÃO E ADMINISTRAÇÃO DA PROPRIEDADE IMOBILIÁRIA,,Sim
"Instalação / Manutenção - Elevadores, Escadas",413874,18.269.930/0001-00,,PORTICO INCORPORADORA E CONSTRUTORA LTDA,Sim,,51217: Ritápolis,MG,2: SOCIEDADE EMPRESÁRIA LIMITADA,2: null,,,4120400: CONSTRUÇÃO DE EDIFÍCIOS,,Sim
"Instalação / Manutenção - Elevadores, Escadas",416536,21.269.262/0001-26,,PLANO A COMERCIO E SERVICOS LTDA,Não,,54038: Uberlândia,MG,2: SOCIEDADE EMPRESÁRIA LIMITADA,2: null,,,"7490104: ATIVIDADES DE INTERMEDIAÇÃO E AGENCIAMENTO DE SERVIÇOS E NEGÓCIOS EM GERAL, EXCETO IMOBILIÁRIOS",,Sim
"Instalação / Manutenção - Elevadores, Escadas",456724,23.499.696/0001-48,,UP TECH ELEVADORES E AR CONDICIONADO LTDA,Sim,,50156: Piranga,MG,2: SOCIEDADE EMPRESÁRIA LIMITADA,2: null,,,"4329103: INSTALAÇÃO, MANUTENÇÃO E REPARAÇÃO DE ELEVADORES, ESCADAS E ESTEIRAS ROLANTES",,Sim
"Instalação / Manutenção - Elevadores, Escadas",457752,23.830.688/0001-32,,BMS CONSTRUCOES EIRELI,Não,,41238: Belo Horizonte,MG,25: EMPRESA INDIVIDUAL DE RESPONSABILIDADE LIMITADA (DE NATUREZA EMPRESÁRIA),2: null,,,4120400: CONSTRUÇÃO DE EDIFÍCIOS,,Sim
"Instalação / Manutenção - Elevadores, Escadas",462070,06.184.267/0001-62,,CAWA ENGENHARIA LTDA,Sim,,41238: Belo Horizonte,MG,2: SOCIEDADE EMPRESÁRIA LIMITADA,2: null,,,4120400: CONSTRUÇÃO DE EDIFÍCIOS,,Sim
"Instalação / Manutenção - Elevadores, Escadas",465439,13.993.297/0001-85,,RP ENGENHARIA SOCIEDADE EMPRESARIA LTDA,Sim,,50350: Poços de Caldas,MG,2: SOCIEDADE EMPRESÁRIA LIMITADA,2: null,,,7112000: SERVIÇOS DE ENGENHARIA,,Sim
"Instalação / Manutenção - Elevadores, Escadas",492831,05.519.625/0001-88,,LIFTMEC EQUIPAMENTOS LTDA,Não,,41238: Belo Horizonte,MG,2: SOCIEDADE EMPRESÁRIA LIMITADA,2: null,,,"2822402: FABRICAÇÃO DE MÁQUINAS, EQUIPAMENTOS E APARELHOS PARA TRANSPORTE E ELEVAÇÃO DE CARGAS, PEÇAS E ACESSÓRIOS",,Sim
"Instalação / Manutenção - Elevadores, Escadas",494050,21.798.759/0001-31,,ALEXANDRE RAMOS DE FIGUEIREDO 04192217600,Sim,,43710: Contagem,MG,1: EMPRESÁRIO (INDIVIDUAL),2: null,,,3314799: MANUTENÇÃO E REPARAÇÃO DE OUTRAS MÁQUINAS E EQUIPAMENTOS PARA USOS INDUSTRIAIS NÃO ESPECIFICADOS ANTERIORMENTE,,Sim
"Instalação / Manutenção - Elevadores, Escadas",499299,27.944.087/0001-01,,TECNOVIB COMERCIO E SERVICOS LTDA,Não,,40835: Arcos,MG,2: SOCIEDADE EMPRESÁRIA LIMITADA,2: null,,,3314799: MANUTENÇÃO E REPARAÇÃO DE OUTRAS MÁQUINAS E EQUIPAMENTOS PARA USOS INDUSTRIAIS NÃO ESPECIFICADOS ANTERIORMENTE,,Sim
"Instalação / Manutenção - Elevadores, Escadas",501793,03.539.398/0001-27,,ELEVADORES MILENIO LTDA,Sim,,41238: Belo Horizonte,MG,2: SOCIEDADE EMPRESÁRIA LIMITADA,2: null,,,"4329103: INSTALAÇÃO, MANUTENÇÃO E REPARAÇÃO DE ELEVADORES, ESCADAS E ESTEIRAS ROLANTES",,Sim
"Instalação / Manutenção - Elevadores, Escadas",508354,26.295.145/0001-50,,D.I.COMERCIO DE PECAS E SERVICOS PARA GERADORES LTDA,Sim,,53430: Sete Lagoas,MG,2: SOCIEDADE EMPRESÁRIA LIMITADA,2: null,,,3321000: INSTALAÇÃO DE MÁQUINAS E EQUIPAMENTOS INDUSTRIAIS,,Sim
"Instalação / Manutenção - Elevadores, Escadas",510605,28.193.652/0001-09,,ULTRAMEC PRESTADORA DE SERVICOS LTDA,Sim,,42633: Carandaí,MG,2: SOCIEDADE EMPRESÁRIA LIMITADA,2: null,,,3314705: MANUTENÇÃO E REPARAÇÃO DE EQUIPAMENTOS DE TRANSMISSÃO PARA FINS INDUSTRIAIS,,Sim
"Instalação / Manutenção - Elevadores, Escadas",517633,26.783.006/0001-76,,ELAINE CRISTINA DE SOUZA SILVA 05737310639,Sim,,48658: Montes Claros,MG,1: EMPRESÁRIO (INDIVIDUAL),2: null,,,"4322302: INSTALAÇÃO E MANUTENÇÃO DE SISTEMAS CENTRAIS DE AR CONDICIONADO, DE VENTILAÇÃO E REFRIGERAÇÃO",,Sim
"Instalação / Manutenção - Elevadores, Escadas",521056,27.150.329/0001-95,,CLEIBER DOS SANTOS FERREIRA LTDA,Sim,,41238: Belo Horizonte,MG,2: SOCIEDADE EMPRESÁRIA LIMITADA,2: null,,,"4329103: INSTALAÇÃO, MANUTENÇÃO E REPARAÇÃO DE ELEVADORES, ESCADAS E ESTEIRAS ROLANTES",,Sim
"Instalação / Manutenção - Elevadores, Escadas",526156,26.385.568/0001-61,,NKC MANUTENCAO E MONTAGEM INDUSTRIAL LTDA,Sim,,53732: Timóteo,MG,2: SOCIEDADE EMPRESÁRIA LIMITADA,2: null,,,4321500: INSTALAÇÃO E MANUTENÇÃO ELÉTRICA,,Sim
"Instalação / Manutenção - Elevadores, Escadas",530477,03.915.695/0001-20,,RCE ELEVADORES LTDA,Sim,,41238: Belo Horizonte,MG,2: SOCIEDADE EMPRESÁRIA LIMITADA,2: null,,,"4329103: INSTALAÇÃO, MANUTENÇÃO E REPARAÇÃO DE ELEVADORES, ESCADAS E ESTEIRAS ROLANTES",,Sim
"Instalação / Manutenção - Elevadores, Escadas",533968,28.950.287/0001-30,,F R X ENGENHARIA LTDA,Sim,,43877: Coronel Fabriciano,MG,2: SOCIEDADE EMPRESÁRIA LIMITADA,2: null,,,4120400: CONSTRUÇÃO DE EDIFÍCIOS,,Sim
"Instalação / Manutenção - Elevadores, Escadas",542795,17.210.661/0001-44,,INVERT TRABALHO EM ALTURA LTDA,Sim,,41238: Belo Horizonte,MG,2: SOCIEDADE EMPRESÁRIA LIMITADA,2: null,,,8129000: ATIVIDADES DE LIMPEZA NÃO ESPECIFICADAS ANTERIORMENTE,,Sim
"Instalação / Manutenção - Elevadores, Escadas",547994,27.258.184/0001-40,,ELEVACO LTDA,Sim,,43877: Coronel Fabriciano,MG,2: SOCIEDADE EMPRESÁRIA LIMITADA,2: null,,,"4329103: INSTALAÇÃO, MANUTENÇÃO E REPARAÇÃO DE ELEVADORES, ESCADAS E ESTEIRAS ROLANTES",,Sim
"Instalação / Manutenção - Elevadores, Escadas",556985,29.936.444/0001-15,,DS AUTOMACAO E INSTRUMENTACAO LTDA,Sim,,41157: Três Marias,MG,2: SOCIEDADE EMPRESÁRIA LIMITADA,2: null,,,3321000: INSTALAÇÃO DE MÁQUINAS E EQUIPAMENTOS INDUSTRIAIS,,Sim
"Instalação / Manutenção - Elevadores, Escadas",561956,02.214.136/0001-20,,PLAMIL ENGENHARIA LTDA,Sim,,41238: Belo Horizonte,MG,2: SOCIEDADE EMPRESÁRIA LIMITADA,2: null,,,4299599: OUTRAS OBRAS DE ENGENHARIA CIVIL NÃO ESPECIFICADAS ANTERIORMENTE,,Sim
"Instalação / Manutenção - Elevadores, Escadas",575833,26.425.740/0001-63,,P H D S INSTALACOES DE ELEVADORES LTDA,Sim,,51551: Santa Luzia,MG,2: SOCIEDADE EMPRESÁRIA LIMITADA,2: null,,,"4329103: INSTALAÇÃO, MANUTENÇÃO E REPARAÇÃO DE ELEVADORES, ESCADAS E ESTEIRAS ROLANTES",,Sim
"Instalação / Manutenção - Elevadores, Escadas",580888,15.299.786/0001-67,,ROGERIO GONCALVES RICARDO,Sim,,50350: Poços de Caldas,MG,1: EMPRESÁRIO (INDIVIDUAL),2: null,,,"4329103: INSTALAÇÃO, MANUTENÇÃO E REPARAÇÃO DE ELEVADORES, ESCADAS E ESTEIRAS ROLANTES",,Sim
"Instalação / Manutenção - Elevadores, Escadas",585820,28.059.001/0001-20,,ANTONIO ALVES DE OLIVEIRA,Sim,,54038: Uberlândia,MG,1: EMPRESÁRIO (INDIVIDUAL),2: null,,,"4329103: INSTALAÇÃO, MANUTENÇÃO E REPARAÇÃO DE ELEVADORES, ESCADAS E ESTEIRAS ROLANTES",,Sim
"Instalação / Manutenção - Elevadores, Escadas",600981,25.814.559/0001-86,,LIX SERVICE AMBIENTAL E CONSTRUCOES LTDA,Sim,,49573: Passos,MG,2: SOCIEDADE EMPRESÁRIA LIMITADA,2: null,,,4221902: CONSTRUÇÃO DE ESTAÇÕES E REDES DE DISTRIBUIÇÃO DE ENERGIA ELÉTRICA,,Sim
"Instalação / Manutenção - Elevadores, Escadas",609187,37.656.271/0001-00,,INOVAX PROJETOS E INSTALACOES LTDA,Sim,,41238: Belo Horizonte,MG,2: SOCIEDADE EMPRESÁRIA LIMITADA,2: null,,,4742300: COMÉRCIO VAREJISTA DE MATERIAL ELÉTRICO,,Sim
"Instalação / Manutenção - Elevadores, Escadas",614839,34.016.697/0001-00,,JULIANA ALMEIDA DE JESUS ATACADO E VAREJO,Sim,,43710: Contagem,MG,1: EMPRESÁRIO (INDIVIDUAL),2: null,,,4642702: COMÉRCIO ATACADISTA DE ROUPAS E ACESSÓRIOS PARA USO PROFISSIONAL E DE SEGURANÇA DO TRABALHO,,Sim
"Instalação / Manutenção - Elevadores, Escadas",618695,35.520.062/0001-09,,EXPERT ELEVADORES LTDA,Sim,,48658: Montes Claros,MG,2: SOCIEDADE EMPRESÁRIA LIMITADA,2: null,,,"4329103: INSTALAÇÃO, MANUTENÇÃO E REPARAÇÃO DE ELEVADORES, ESCADAS E ESTEIRAS ROLANTES",,Sim
"Instalação / Manutenção - Elevadores, Escadas",622770,35.332.916/0001-23,,SISTEMAS ELEVADORES TECNOLOGIA EM MOVIMENTO LTDA,Não,,47333: Juiz de Fora,MG,2: SOCIEDADE EMPRESÁRIA LIMITADA,2: null,,,"4329103: INSTALAÇÃO, MANUTENÇÃO E REPARAÇÃO DE ELEVADORES, ESCADAS E ESTEIRAS ROLANTES",,Sim
"Instalação / Manutenção - Elevadores, Escadas",634940,26.545.146/0001-06,,26.545.146 YHAN PHILLIPE BARBOSA MACHADO,Sim,,48950: Nova Lima,MG,1: EMPRESÁRIO (INDIVIDUAL),2: null,,,4744099: COMÉRCIO VAREJISTA DE MATERIAIS DE CONSTRUÇÃO EM GERAL,,Sim
"Instalação / Manutenção - Elevadores, Escadas",638733,28.941.803/0001-60,,ELEVTECH ELEVADORES LTDA,Sim,,41238: Belo Horizonte,MG,2: SOCIEDADE EMPRESÁRIA LIMITADA,2: null,,,"4329103: INSTALAÇÃO, MANUTENÇÃO E REPARAÇÃO DE ELEVADORES, ESCADAS E ESTEIRAS ROLANTES",,Sim
"Instalação / Manutenção - Elevadores, Escadas",649697,07.654.380/0001-27,,THOPP ELEVADORES LTDA,Sim,,41238: Belo Horizonte,MG,2: SOCIEDADE EMPRESÁRIA LIMITADA,2: null,,,"4329103: INSTALAÇÃO, MANUTENÇÃO E REPARAÇÃO DE ELEVADORES, ESCADAS E ESTEIRAS ROLANTES",,Sim
"Instalação / Manutenção - Elevadores, Escadas",651152,33.539.886/0001-03,,ONE ELEVADORES MG LTDA,Sim,,41238: Belo Horizonte,MG,2: SOCIEDADE EMPRESÁRIA LIMITADA,2: null,,,"4329103: INSTALAÇÃO, MANUTENÇÃO E REPARAÇÃO DE ELEVADORES, ESCADAS E ESTEIRAS ROLANTES",,Sim
"Instalação / Manutenção - Elevadores, Escadas",661672,32.606.280/0001-72,,LIDER DISTRIBUIDORA DE AREIA E BRITA LTDA,Sim,,54038: Uberlândia,MG,2: SOCIEDADE EMPRESÁRIA LIMITADA,2: null,,,"4744004: COMÉRCIO VAREJISTA DE CAL, AREIA, PEDRA BRITADA, TIJOLOS E TELHAS",,Sim
"Instalação / Manutenção - Elevadores, Escadas",686250,43.756.323/0001-12,,SERGIO SILVEIRA DOS SANTOS 05453632682,Sim,,41238: Belo Horizonte,MG,1: EMPRESÁRIO (INDIVIDUAL),2: null,,,9521500: REPARAÇÃO E MANUTENÇÃO DE EQUIPAMENTOS ELETROELETRÔNICOS DE USO PESSOAL E DOMÉSTICO,,Sim
"Instalação / Manutenção - Elevadores, Escadas",686484,43.433.703/0001-16,,EDUARDO DAVID CONSULTORIA EM ENGENHARIA E CONSTRUCAO LTDA,Sim,,41238: Belo Horizonte,MG,2: SOCIEDADE EMPRESÁRIA LIMITADA,2: null,,,7112000: SERVIÇOS DE ENGENHARIA,,Sim
"Instalação / Manutenção - Elevadores, Escadas",696935,45.264.081/0001-75,,MELQUISEDEQUE NAOR DE CASTRO 12184630667,Não,,47236: João Monlevade,MG,1: EMPRESÁRIO (INDIVIDUAL),2: null,,,7319002: PROMOÇÃO DE VENDAS,,Sim
"Instalação / Manutenção - Elevadores, Escadas",699981,30.306.059/0001-73,,TRINDADE COMERCIO DE MATERIAIS LTDA,Sim,,41238: Belo Horizonte,MG,2: SOCIEDADE EMPRESÁRIA LIMITADA,2: null,,,4742300: COMÉRCIO VAREJISTA DE MATERIAL ELÉTRICO,,Sim
"Instalação / Manutenção - Elevadores, Escadas",702531,32.925.006/0001-66,,ELEVADORES SALLES VENDAS E MANUTENCAO LTDA,Sim,,46477: Itajubá,MG,2: SOCIEDADE EMPRESÁRIA LIMITADA,2: null,,,"4329103: INSTALAÇÃO, MANUTENÇÃO E REPARAÇÃO DE ELEVADORES, ESCADAS E ESTEIRAS ROLANTES",,Sim
"Instalação / Manutenção - Elevadores, Escadas",740127,17.620.100/0001-13,,LEONARDO SCHULTZ MACHADO MANUTENCAO ELETRICA ELETRONICA,Sim,,41238: Belo Horizonte,MG,1: EMPRESÁRIO (INDIVIDUAL),2: null,,,4321500: INSTALAÇÃO E MANUTENÇÃO ELÉTRICA,,Sim
"Instalação / Manutenção - Elevadores, Escadas",752609,29.292.856/0001-60,,PALADINA INTERMEDIACOES COMERCIAIS E SERVICOS LTDA,Sim,,41238: Belo Horizonte,MG,2: SOCIEDADE EMPRESÁRIA LIMITADA,2: null,,,"7490104: ATIVIDADES DE INTERMEDIAÇÃO E AGENCIAMENTO DE SERVIÇOS E NEGÓCIOS EM GERAL, EXCETO IMOBILIÁRIOS",,Sim
"Instalação / Manutenção - Elevadores, Escadas",764110,22.488.590/0001-86,,MAC ELEVADORES LTDA,Sim,,49590: Patos de Minas,MG,2: SOCIEDADE EMPRESÁRIA LIMITADA,2: null,,,"4329103: INSTALAÇÃO, MANUTENÇÃO E REPARAÇÃO DE ELEVADORES, ESCADAS E ESTEIRAS ROLANTES",,Sim
"Instalação / Manutenção - Elevadores, Escadas",765269,07.676.238/0001-80,,ARNALDO C. SILVA JUNIOR,Sim,,41157: Três Marias,MG,1: EMPRESÁRIO (INDIVIDUAL),2: null,,,4212000: CONSTRUÇÃO DE OBRAS-DE-ARTE ESPECIAIS,,Sim
"Instalação / Manutenção - Elevadores, Escadas",802919,43.879.156/0001-05,,W-TORRE ENGENHARIA LTDA,Sim,,41238: Belo Horizonte,MG,2: SOCIEDADE EMPRESÁRIA LIMITADA,2: null,,,7112000: SERVIÇOS DE ENGENHARIA,,Sim
"Instalação / Manutenção - Elevadores, Escadas",802987,19.876.565/0001-65,,JULIANO AZEVEDO DE CARVALHO,Sim,,42170: Campanha,MG,1: EMPRESÁRIO (INDIVIDUAL),2: null,,,"4329103: INSTALAÇÃO, MANUTENÇÃO E REPARAÇÃO DE ELEVADORES, ESCADAS E ESTEIRAS ROLANTES",,Sim
"Instalação / Manutenção - Elevadores, Escadas",804293,34.152.285/0001-06,,HC ELEVADORES LTDA,Sim,,50350: Poços de Caldas,MG,2: SOCIEDADE EMPRESÁRIA LIMITADA,2: null,,,"4329103: INSTALAÇÃO, MANUTENÇÃO E REPARAÇÃO DE ELEVADORES, ESCADAS E ESTEIRAS ROLANTES",,Sim
"Instalação / Manutenção - Elevadores, Escadas",824019,04.732.156/0001-18,,ENGELEVA SERVICOS DE MANUTENCAO DE ELEVADORES LTDA,Sim,,41238: Belo Horizonte,MG,2: SOCIEDADE EMPRESÁRIA LIMITADA,2: null,,,"4329103: INSTALAÇÃO, MANUTENÇÃO E REPARAÇÃO DE ELEVADORES, ESCADAS E ESTEIRAS ROLANTES",,Sim
"Instalação / Manutenção - Elevadores, Escadas",831153,20.495.014/0001-30,,VERTICALLE ELEVADORES LTDA,Sim,,44458: Divinópolis,MG,2: SOCIEDADE EMPRESÁRIA LIMITADA,2: null,,,"4329103: INSTALAÇÃO, MANUTENÇÃO E REPARAÇÃO DE ELEVADORES, ESCADAS E ESTEIRAS ROLANTES",,Sim
"Instalação / Manutenção - Elevadores, Escadas",848958,39.983.235/0001-86,,MAPE COMERCIAL E SERVICOS LTDA,Sim,,48933: Nova Era,MG,2: SOCIEDADE EMPRESÁRIA LIMITADA,2: null,,,"3313999: MANUTENÇÃO E REPARAÇÃO DE MÁQUINAS, APARELHOS E MATERIAIS ELÉTRICOS NÃO ESPECIFICADOS ANTERIORMENTE",,Sim
"Instalação / Manutenção - Elevadores, Escadas",853258,31.277.761/0001-19,,AUROS ELEVADORES LTDA,Sim,,41238: Belo Horizonte,MG,2: SOCIEDADE EMPRESÁRIA LIMITADA,2: null,,,"4329103: INSTALAÇÃO, MANUTENÇÃO E REPARAÇÃO DE ELEVADORES, ESCADAS E ESTEIRAS ROLANTES",,Sim
"Instalação / Manutenção - Elevadores, Escadas",876216,10.764.156/0001-00,,CONSTRUTORA CARVALHO'S & OLIVEIRA'S LTDA,Sim,,48178: Matipó,MG,2: SOCIEDADE EMPRESÁRIA LIMITADA,2: null,,,4744099: COMÉRCIO VAREJISTA DE MATERIAIS DE CONSTRUÇÃO EM GERAL,,Sim
"Instalação / Manutenção - Elevadores, Escadas",876530,29.552.669/0001-78,,TECNOLIFT ELEVADORES LTDA,Sim,,40975: Baependi,MG,2: SOCIEDADE EMPRESÁRIA LIMITADA,2: null,,,"4329103: INSTALAÇÃO, MANUTENÇÃO E REPARAÇÃO DE ELEVADORES, ESCADAS E ESTEIRAS ROLANTES",,Sim
"Instalação / Manutenção - Elevadores, Escadas",879359,66.217.951/0001-25,,CONSERVADORA DE ELEVADORES BARCELLOS LTDA,Sim,,47333: Juiz de Fora,MG,2: SOCIEDADE EMPRESÁRIA LIMITADA,2: null,,,"4329103: INSTALAÇÃO, MANUTENÇÃO E REPARAÇÃO DE ELEVADORES, ESCADAS E ESTEIRAS ROLANTES",,Sim
"Instalação / Manutenção - Elevadores, Escadas",908325,37.311.261/0001-32,,CTE - CAMARGO TECNOLOGIA EMPREENDIMENTOS LTDA,Sim,,41238: Belo Horizonte,MG,2: SOCIEDADE EMPRESÁRIA LIMITADA,2: null,,,9512600: REPARAÇÃO E MANUTENÇÃO DE EQUIPAMENTOS DE COMUNICAÇÃO,,Sim
"Instalação / Manutenção - Elevadores, Escadas",932720,17.693.411/0001-02,,BGG MANUTENCAO DE ELEVADORES LTDA,Sim,,41238: Belo Horizonte,MG,2: SOCIEDADE EMPRESÁRIA LIMITADA,2: null,,,"4329103: INSTALAÇÃO, MANUTENÇÃO E REPARAÇÃO DE ELEVADORES, ESCADAS E ESTEIRAS ROLANTES",,Sim
"Instalação / Manutenção - Elevadores, Escadas",942515,52.168.985/0001-62,,BOLDRINE ENGENHARIA E SOLUCOES LTDA,Sim,,53430: Sete Lagoas,MG,2: SOCIEDADE EMPRESÁRIA LIMITADA,2: null,,,7112000: SERVIÇOS DE ENGENHARIA,,Sim
"Instalação / Manutenção - Elevadores, Escadas",981153,50.917.123/0001-60,,MULTIPOLO ENGENHARIA LTDA,Sim,,54038: Uberlândia,MG,2: SOCIEDADE EMPRESÁRIA LIMITADA,2: null,,,7112000: SERVIÇOS DE ENGENHARIA,,Sim
Inspeção e Avaliação de Manutenção - Elevador /,79525,05.692.622/0001-41,,RASTRO CONSTRUCOES E SERVICOS LTDA,Não,,56251: Cariacica,ES,2: SOCIEDADE EMPRESÁRIA LIMITADA,2: null,,,4120400: CONSTRUÇÃO DE EDIFÍCIOS,,Sim
Inspeção e Avaliação de Manutenção - Elevador /,256190,05.876.942/0001-51,,LIBARDI ENGENHARIA E SERVICOS LTDA,Sim,,56057: Alfredo Chaves,ES,2: SOCIEDADE EMPRESÁRIA LIMITADA,2: null,,,7112000: SERVIÇOS DE ENGENHARIA,,Sim
Inspeção e Avaliação de Manutenção - Elevador /,555488,22.875.208/0001-97,,TROPICAL COMERCIO E SERVICOS LTDA,Sim,,56995: Serra,ES,2: SOCIEDADE EMPRESÁRIA LIMITADA,2: null,,,2599301: SERVIÇOS DE CONFECÇÃO DE ARMAÇÕES METÁLICAS PARA A CONSTRUÇÃO,,Sim
Inspeção e Avaliação de Manutenção - Elevador /,603116,27.732.446/0001-67,,ENGESIN  SOLUCOES EM MONTAGEM E MANUTENCAO INDUSTRIAL LTDA,Sim,,56979: São Mateus,ES,2: SOCIEDADE EMPRESÁRIA LIMITADA,2: null,,,3314799: MANUTENÇÃO E REPARAÇÃO DE OUTRAS MÁQUINAS E EQUIPAMENTOS PARA USOS INDUSTRIAIS NÃO ESPECIFICADOS ANTERIORMENTE,,Sim
Inspeção e Avaliação de Manutenção - Elevador /,748254,47.810.819/0001-88,,PETRUS ENGENHARIA E PERICIAS LTDA,Sim,,56073: Anchieta,ES,2: SOCIEDADE EMPRESÁRIA LIMITADA,2: null,,,7112000: SERVIÇOS DE ENGENHARIA,,Sim
Inspeção e Avaliação de Manutenção - Elevador /,830165,48.538.746/0001-80,,DANIEL SILVA ROCHA SERVICOS INSDUSTRIAIS,Sim,,56995: Serra,ES,1: EMPRESÁRIO (INDIVIDUAL),2: null,,,8121400: LIMPEZA EM PRÉDIOS E EM DOMICÍLIOS,,Sim
Inspeção e Avaliação de Manutenção - Elevador /,66514,04.926.696/0001-32,,LAJOTAS E TELHAS DOFINI MATERIAL DE CONSTRUCAO LTDA,Não,,47333: Juiz de Fora,MG,2: SOCIEDADE EMPRESÁRIA LIMITADA,2: null,,,4744005: COMÉRCIO VAREJISTA DE MATERIAIS DE CONSTRUÇÃO NÃO ESPECIFICADOS ANTERIORMENTE,,Sim
Inspeção e Avaliação de Manutenção - Elevador /,130124,09.282.007/0001-18,,MCI TECNOLOGIA E SERVICOS LTDA,Sim,,41238: Belo Horizonte,MG,2: SOCIEDADE EMPRESÁRIA LIMITADA,2: null,,,"4322302: INSTALAÇÃO E MANUTENÇÃO DE SISTEMAS CENTRAIS DE AR CONDICIONADO, DE VENTILAÇÃO E REFRIGERAÇÃO",,Sim
Inspeção e Avaliação de Manutenção - Elevador /,381854,07.747.196/0001-21,,ELEVARTE ELEVADORES LTDA,Sim,,44458: Divinópolis,MG,2: SOCIEDADE EMPRESÁRIA LIMITADA,2: null,,,"4329103: INSTALAÇÃO, MANUTENÇÃO E REPARAÇÃO DE ELEVADORES, ESCADAS E ESTEIRAS ROLANTES",,Sim
Inspeção e Avaliação de Manutenção - Elevador /,385142,20.242.155/0001-41,,"SEVEN ENGENHARIA, CONSTRUCOES E SERVICOS LTDA",Sim,,46337: Itabira,MG,2: SOCIEDADE EMPRESÁRIA LIMITADA,2: null,,,7112000: SERVIÇOS DE ENGENHARIA,,Sim
Inspeção e Avaliação de Manutenção - Elevador /,467420,23.372.889/0001-33,,TREZZE ENGENHARIA LTDA,Não,,54070: Unaí,MG,2: SOCIEDADE EMPRESÁRIA LIMITADA,2: null,,,7112000: SERVIÇOS DE ENGENHARIA,,Sim
Inspeção e Avaliação de Manutenção - Elevador /,566618,33.324.044/0001-26,,NORTESUL SOLUCOES EM ENGENHARIA LTDA,Sim,,41238: Belo Horizonte,MG,2: SOCIEDADE EMPRESÁRIA LIMITADA,2: null,,,7112000: SERVIÇOS DE ENGENHARIA,,Sim
Inspeção e Avaliação de Manutenção - Elevador /,574897,34.902.788/0001-43,,ALMEIDA E QUEIROZ SERVICOS DE ENGENHARIA LTDA,Sim,,53996: Ubaí,MG,2: SOCIEDADE EMPRESÁRIA LIMITADA,2: null,,,7112000: SERVIÇOS DE ENGENHARIA,,Sim
Inspeção e Avaliação de Manutenção - Elevador /,574995,29.997.625/0001-51,,TOP 3 ENGENHARIA LTDA,Sim,,44458: Divinópolis,MG,2: SOCIEDADE EMPRESÁRIA LIMITADA,2: null,,,4120400: CONSTRUÇÃO DE EDIFÍCIOS,,Sim
Inspeção e Avaliação de Manutenção - Elevador /,580327,11.422.777/0001-60,,COPENGE COOPERATIVA DE TRABALHO DOS PROFISSIONAIS DA AREA DE ENGENHARIA,Não,,41238: Belo Horizonte,MG,4: COOPERATIVA,2: null,,,"7020400: ATIVIDADES DE CONSULTORIA EM GESTÃO EMPRESARIAL, EXCETO CONSULTORIA TÉCNICA ESPECÍFICA",,Sim
Inspeção e Avaliação de Manutenção - Elevador /,580484,35.433.538/0001-74,,M. BARCELOS ENGENHARIA,Não,,43710: Contagem,MG,2: SOCIEDADE EMPRESÁRIA LIMITADA,2: null,,,7112000: SERVIÇOS DE ENGENHARIA,,Sim
Inspeção e Avaliação de Manutenção - Elevador /,634766,23.886.977/0001-53,,ENGESERVICE ENGENHARIA E SERVICOS LTDA,Sim,,44458: Divinópolis,MG,2: SOCIEDADE EMPRESÁRIA LIMITADA,2: null,,,7112000: SERVIÇOS DE ENGENHARIA,,Sim
Inspeção e Avaliação de Manutenção - Elevador /,692302,44.020.075/0001-00,,JOSE MARIO GODOI HERMENEGILDO,Sim,,41238: Belo Horizonte,MG,1: EMPRESÁRIO (INDIVIDUAL),2: null,,,7119703: SERVIÇOS DE DESENHO TÉCNICO RELACIONADOS À ARQUITETURA E ENGENHARIA,,Sim
Inspeção e Avaliação de Manutenção - Elevador /,912208,53.464.278/0001-86,,JHONATHA DE OLIVEIRA LTDA,Sim,,42315: Campos Gerais,MG,2: SOCIEDADE EMPRESÁRIA LIMITADA,2: null,,,7112000: SERVIÇOS DE ENGENHARIA,,Sim
Inspeção e Avaliação de Manutenção - Elevador /,920582,45.512.152/0001-01,,MATHEUS PIRES DIAS 11784579661,Sim,,43710: Contagem,MG,1: EMPRESÁRIO (INDIVIDUAL),2: null,,,8299799: OUTRAS ATIVIDADES DE SERVIÇOS PRESTADOS PRINCIPALMENTE ÀS EMPRESAS NÃO ESPECIFICADAS ANTERIORMENTE,,Sim
Manutenção Elevador Hidráulico/Elétrico -,346773,30.571.640/0001-12,,ELETRICA CARVALHO COMERCIO E SERVICOS MECANICOS LTDA,Sim,,56030: Alegre,ES,2: SOCIEDADE EMPRESÁRIA LIMITADA,2: null,,,4520003: SERVIÇOS DE MANUTENÇÃO E REPARAÇÃO ELÉTRICA DE VEÍCULOS AUTOMOTORES,,Sim
Manutenção Elevador Hidráulico/Elétrico -,371770,36.363.372/0001-20,,PFISTER INDUSTRIA E COMERCIO LTDA,Sim,,57037: Vila Velha,ES,2: SOCIEDADE EMPRESÁRIA LIMITADA,2: null,,,"2930103: FABRICAÇÃO DE CABINES, CARROCERIAS E REBOQUES PARA OUTROS VEÍCULOS AUTOMOTORES, EXCETO CAMINHÕES E ÔNIBUS",,Sim
Manutenção Elevador Hidráulico/Elétrico -,507522,09.544.235/0001-19,,TAMIRIS COMERCIO E SERVICOS LTDA,Sim,,56111: Aracruz,ES,2: SOCIEDADE EMPRESÁRIA LIMITADA,2: null,,,4530703: COMÉRCIO A VAREJO DE PEÇAS E ACESSÓRIOS NOVOS PARA VEÍCULOS AUTOMOTORES,,Sim
Manutenção Elevador Hidráulico/Elétrico -,662363,39.594.345/0001-56,,M2 PORTO AUTOMACAO INDUSTRIAL E RESIDENCIAL LTDA,Sim,,56774: Nova Venécia,ES,2: SOCIEDADE EMPRESÁRIA LIMITADA,2: null,,,4742300: COMÉRCIO VAREJISTA DE MATERIAL ELÉTRICO,,Sim
Manutenção Elevador Hidráulico/Elétrico -,761020,45.784.680/0001-10,,SURROUND SOM E ACESSORIOS LTDA,Sim,,56251: Cariacica,ES,2: SOCIEDADE EMPRESÁRIA LIMITADA,2: null,,,4530703: COMÉRCIO A VAREJO DE PEÇAS E ACESSÓRIOS NOVOS PARA VEÍCULOS AUTOMOTORES,,Sim
Manutenção Elevador Hidráulico/Elétrico -,782250,37.229.528/0001-47,,ROBELIO ALVES 94514496553,Sim,,56472: Guarapari,ES,1: EMPRESÁRIO (INDIVIDUAL),2: null,,,4399103: OBRAS DE ALVENARIA,,Sim
Manutenção Elevador Hidráulico/Elétrico -,845610,34.242.199/0001-86,,WORK PECAS E SERVICOS LTDA,Sim,,56995: Serra,ES,2: SOCIEDADE EMPRESÁRIA LIMITADA,2: null,,,4530703: COMÉRCIO A VAREJO DE PEÇAS E ACESSÓRIOS NOVOS PARA VEÍCULOS AUTOMOTORES,,Sim
Manutenção Elevador Hidráulico/Elétrico -,849072,36.426.981/0001-80,,36.426.981 ANDREAZZE FERREIRA DA SILVA,Sim,,57037: Vila Velha,ES,1: EMPRESÁRIO (INDIVIDUAL),2: null,,,8219999: PREPARAÇÃO DE DOCUMENTOS E SERVIÇOS ESPECIALIZADOS DE APOIO ADMINISTRATIVO NÃO ESPECIFICADOS ANTERIORMENTE,,Sim
Manutenção Elevador Hidráulico/Elétrico -,954712,22.738.375/0001-96,,DUARTE CONSTRUTORA E SERVICOS LTDA,Sim,,56634: Linhares,ES,2: SOCIEDADE EMPRESÁRIA LIMITADA,2: null,,,3314710: MANUTENÇÃO E REPARAÇÃO DE MÁQUINAS E EQUIPAMENTOS PARA USO GERAL NÃO ESPECIFICADOS ANTERIORMENTE,,Sim
Manutenção Elevador Hidráulico/Elétrico -,135401,09.665.096/0001-81,,BRASMILI COMERCIO E SERVICOS LTDA,Não,,41238: Belo Horizonte,MG,2: SOCIEDADE EMPRESÁRIA LIMITADA,2: null,,,4743100: COMÉRCIO VAREJISTA DE VIDROS,,Sim
Manutenção Elevador Hidráulico/Elétrico -,302574,15.651.153/0001-76,,A1 LOCADORA E TRANSPORTES LTDA,Sim,,54038: Uberlândia,MG,2: SOCIEDADE EMPRESÁRIA LIMITADA,2: null,,,"4929901: TRANSPORTE RODOVIÁRIO COLETIVO DE PASSAGEIROS, SOB REGIME DE FRETAMENTO, MUNICIPAL",,Sim
Manutenção Elevador Hidráulico/Elétrico -,317215,17.164.322/0001-79,,CAPITAL PECAS E SERVICOS AUTOMOTIVOS LTDA,Não,,41238: Belo Horizonte,MG,2: SOCIEDADE EMPRESÁRIA LIMITADA,2: null,,,4530703: COMÉRCIO A VAREJO DE PEÇAS E ACESSÓRIOS NOVOS PARA VEÍCULOS AUTOMOTORES,,Sim
Manutenção Elevador Hidráulico/Elétrico -,336987,17.615.866/0001-00,,DIOGO RODRIGUES MEIRA 11838405607,Não,,50830: Resende Costa,MG,1: EMPRESÁRIO (INDIVIDUAL),2: null,,,3319800: MANUTENÇÃO E REPARAÇÃO DE EQUIPAMENTOS E PRODUTOS NÃO ESPECIFICADOS ANTERIORMENTE,,Sim
Manutenção Elevador Hidráulico/Elétrico -,337274,05.951.457/0001-03,,RENATO JORGE SILVA PINHEIRO,Não,,40673: Araçuai,MG,1: EMPRESÁRIO (INDIVIDUAL),2: null,,,4520001: SERVIÇOS DE MANUTENÇÃO E REPARAÇÃO MECÂNICA DE VEÍCULOS AUTOMOTORES,,Sim
Manutenção Elevador Hidráulico/Elétrico -,345836,08.959.170/0001-00,,NILTON GONCALVES COTA JUNIOR,Não,,41238: Belo Horizonte,MG,1: EMPRESÁRIO (INDIVIDUAL),2: null,,,"7490104: ATIVIDADES DE INTERMEDIAÇÃO E AGENCIAMENTO DE SERVIÇOS E NEGÓCIOS EM GERAL, EXCETO IMOBILIÁRIOS",,Sim
Manutenção Elevador Hidráulico/Elétrico -,363728,25.625.609/0001-87,,PUNGIRUM CAR SERVICE LTDA,Sim,,53716: Teófilo Otoni,MG,2: SOCIEDADE EMPRESÁRIA LIMITADA,2: null,,,4530703: COMÉRCIO A VAREJO DE PEÇAS E ACESSÓRIOS NOVOS PARA VEÍCULOS AUTOMOTORES,,Sim
Manutenção Elevador Hidráulico/Elétrico -,396850,18.313.153/0001-54,,FERREIRA & ARAUJO MATERIAIS ELETRICOS LTDA,Não,,29033: Araporá,MG,2: SOCIEDADE EMPRESÁRIA LIMITADA,2: null,,,4742300: COMÉRCIO VAREJISTA DE MATERIAL ELÉTRICO,,Sim
Manutenção Elevador Hidráulico/Elétrico -,397369,17.812.359/0001-66,,SL CONSULT - SERVICOS ESPECIALIZADOS LTDA,Sim,,50350: Poços de Caldas,MG,2: SOCIEDADE EMPRESÁRIA LIMITADA,2: null,,,6920601: ATIVIDADES DE CONTABILIDADE,,Sim
Manutenção Elevador Hidráulico/Elétrico -,399496,26.099.770/0001-27,,DIAMANTE SERVICOS AUTOMOTIVOS LTDA.,Sim,,41017: Bambuí,MG,2: SOCIEDADE EMPRESÁRIA LIMITADA,2: null,,,4520001: SERVIÇOS DE MANUTENÇÃO E REPARAÇÃO MECÂNICA DE VEÍCULOS AUTOMOTORES,,Sim
Manutenção Elevador Hidráulico/Elétrico -,424346,21.097.294/0001-91,,TENG ENGENHARIA E CONSTRUCAO LTDA,Sim,,49590: Patos de Minas,MG,2: SOCIEDADE EMPRESÁRIA LIMITADA,2: null,,,7112000: SERVIÇOS DE ENGENHARIA,,Sim
Manutenção Elevador Hidráulico/Elétrico -,438572,07.983.589/0001-34,,ELETRODIESEL PARACATU LTDA,Sim,,49395: Paracatu,MG,2: SOCIEDADE EMPRESÁRIA LIMITADA,2: null,,,4530703: COMÉRCIO A VAREJO DE PEÇAS E ACESSÓRIOS NOVOS PARA VEÍCULOS AUTOMOTORES,,Sim
Manutenção Elevador Hidráulico/Elétrico -,464635,17.823.653/0001-73,,ROCHAM LOCACAO DE VEICULOS LTDA,Sim,,41238: Belo Horizonte,MG,2: SOCIEDADE EMPRESÁRIA LIMITADA,2: null,,,7711000: LOCAÇÃO DE AUTOMÓVEIS SEM CONDUTOR,,Sim
Manutenção Elevador Hidráulico/Elétrico -,483138,23.960.419/0001-90,,DIMAS FULGENCIO AUTO PECAS,Sim,,41238: Belo Horizonte,MG,1: EMPRESÁRIO (INDIVIDUAL),2: null,,,4530703: COMÉRCIO A VAREJO DE PEÇAS E ACESSÓRIOS NOVOS PARA VEÍCULOS AUTOMOTORES,,Sim
Manutenção Elevador Hidráulico/Elétrico -,509482,26.915.968/0001-31,,VICTOR VIEIRA FUDIMURA COMERCIO SERVICOS E ASSISTENCIA TECNICA,Sim,,41238: Belo Horizonte,MG,1: EMPRESÁRIO (INDIVIDUAL),2: null,,,"4329103: INSTALAÇÃO, MANUTENÇÃO E REPARAÇÃO DE ELEVADORES, ESCADAS E ESTEIRAS ROLANTES",,Sim
Manutenção Elevador Hidráulico/Elétrico -,576819,21.091.757/0001-08,,TARGET MECANICA INDUSTRIAL LTDA,Sim,,43710: Contagem,MG,2: SOCIEDADE EMPRESÁRIA LIMITADA,2: null,,,3314701: MANUTENÇÃO E REPARAÇÃO DE MÁQUINAS MOTRIZES NÃO-ELÉTRICAS,,Sim
Manutenção Elevador Hidráulico/Elétrico -,581292,24.306.625/0001-44,,FCF COMERCIO LTDA,Não,,41335: Betim,MG,2: SOCIEDADE EMPRESÁRIA LIMITADA,2: null,,,4530703: COMÉRCIO A VAREJO DE PEÇAS E ACESSÓRIOS NOVOS PARA VEÍCULOS AUTOMOTORES,,Sim
Manutenção Elevador Hidráulico/Elétrico -,607559,00.770.938/0001-90,,GGT TELEMATICA E COMUNICACAO LTDA,Sim,,54038: Uberlândia,MG,2: SOCIEDADE EMPRESÁRIA LIMITADA,2: null,,,"4520007: SERVIÇOS DE INSTALAÇÃO, MANUTENÇÃO E REPARAÇÃO DE ACESSÓRIOS PARA VEÍCULOS AUTOMOTORES",,Sim
Manutenção Elevador Hidráulico/Elétrico -,612052,08.101.075/0001-70,,LUCCA MONTAGENS INDUSTRIAIS LTDA,Sim,,43974: Córrego do Bom Jesus,MG,2: SOCIEDADE EMPRESÁRIA LIMITADA,2: null,,,"2812700: FABRICAÇÃO DE EQUIPAMENTOS HIDRÁULICOS E PNEUMÁTICOS, PEÇAS E ACESSÓRIOS, EXCETO VÁLVULAS",,Sim
Manutenção Elevador Hidráulico/Elétrico -,621246,39.507.202/0001-60,,39.507.202 ANNY KAROLINE SANTOS COSTA,Sim,,41238: Belo Horizonte,MG,1: EMPRESÁRIO (INDIVIDUAL),2: null,,,4744099: COMÉRCIO VAREJISTA DE MATERIAIS DE CONSTRUÇÃO EM GERAL,,Sim
Manutenção Elevador Hidráulico/Elétrico -,635965,09.275.901/0001-60,,M.MAI MANUTENCAO MECANICA AUTOMACAO E INDUSTRIAL LTDA,Sim,,41238: Belo Horizonte,MG,2: SOCIEDADE EMPRESÁRIA LIMITADA,2: null,,,"3314702: MANUTENÇÃO E REPARAÇÃO DE EQUIPAMENTOS HIDRÁULICOS E PNEUMÁTICOS, EXCETO VÁLVULAS",,Sim
Manutenção Elevador Hidráulico/Elétrico -,638824,86.660.495/0001-09,,SUPREMA MAQUINAS PECAS E MANUTENCAO LTDA,Sim,,54135: Varginha,MG,2: SOCIEDADE EMPRESÁRIA LIMITADA,2: null,,,4530703: COMÉRCIO A VAREJO DE PEÇAS E ACESSÓRIOS NOVOS PARA VEÍCULOS AUTOMOTORES,,Sim
Manutenção Elevador Hidráulico/Elétrico -,713734,24.736.387/0001-07,,PEREIRA AUTO CENTER LTDA,Sim,,50490: Pouso Alegre,MG,2: SOCIEDADE EMPRESÁRIA LIMITADA,2: null,,,4520004: SERVIÇOS DE ALINHAMENTO E BALANCEAMENTO DE VEÍCULOS AUTOMOTORES,,Sim
Manutenção Elevador Hidráulico/Elétrico -,714719,46.217.892/0001-88,,46.217.892 VICTOR MARQUES DE ASSIS,Sim,,46833: Ituiutaba,MG,1: EMPRESÁRIO (INDIVIDUAL),2: null,,,4321500: INSTALAÇÃO E MANUTENÇÃO ELÉTRICA,,Sim
Manutenção Elevador Hidráulico/Elétrico -,734896,38.756.278/0001-66,,ENGATE ENGENHARIA LTDA,Sim,,43656: Conselheiro Lafaiete,MG,2: SOCIEDADE EMPRESÁRIA LIMITADA,2: null,,,4322303: INSTALAÇÕES DE SISTEMA DE PREVENÇÃO CONTRA INCÊNDIO,,Sim
Manutenção Elevador Hidráulico/Elétrico -,764164,45.767.182/0001-69,,HUGO FERNANDO RIBEIRO 09198376624,Sim,,40797: Araxá,MG,1: EMPRESÁRIO (INDIVIDUAL),2: null,,,"3314702: MANUTENÇÃO E REPARAÇÃO DE EQUIPAMENTOS HIDRÁULICOS E PNEUMÁTICOS, EXCETO VÁLVULAS",,Sim
Manutenção Elevador Hidráulico/Elétrico -,786854,07.852.102/0001-84,,2RL COMERCIO E INDUSTRIA DE BOMBAS HIDRAULICAS LTDA,Sim,,50911: Ribeirão das Neves,MG,2: SOCIEDADE EMPRESÁRIA LIMITADA,2: null,,,"2812700: FABRICAÇÃO DE EQUIPAMENTOS HIDRÁULICOS E PNEUMÁTICOS, PEÇAS E ACESSÓRIOS, EXCETO VÁLVULAS",,Sim
Manutenção Elevador Hidráulico/Elétrico -,810421,19.310.099/0001-56,,DIGULA CAR LTDA,Sim,,41238: Belo Horizonte,MG,2: SOCIEDADE EMPRESÁRIA LIMITADA,2: null,,,4520001: SERVIÇOS DE MANUTENÇÃO E REPARAÇÃO MECÂNICA DE VEÍCULOS AUTOMOTORES,,Sim
Manutenção Elevador Hidráulico/Elétrico -,822169,49.417.539/0001-30,,AUTO PECAS JF LTDA,Sim,,47333: Juiz de Fora,MG,2: SOCIEDADE EMPRESÁRIA LIMITADA,2: null,,,4530703: COMÉRCIO A VAREJO DE PEÇAS E ACESSÓRIOS NOVOS PARA VEÍCULOS AUTOMOTORES,,Sim
Manutenção Elevador Hidráulico/Elétrico -,826705,41.090.285/0001-86,,M.A DE MELO COMERCIO E SERVICOS,Sim,,54275: Viçosa,MG,1: EMPRESÁRIO (INDIVIDUAL),2: null,,,4742300: COMÉRCIO VAREJISTA DE MATERIAL ELÉTRICO,,Sim
Manutenção Elevador Hidráulico/Elétrico -,961350,20.161.499/0001-26,,FMT - FACCION MECANICA E TRANSPORTES LTDA,Sim,,7307: Sarzedo,MG,2: SOCIEDADE EMPRESÁRIA LIMITADA,2: null,,,"4930201: TRANSPORTE RODOVIÁRIO DE CARGA, EXCETO PRODUTOS PERIGOSOS E MUDANÇAS, MUNICIPAL",,Sim
